X,Y,FFMC,DMC,DC,ISI,temp,RH,wind,rain,area,month_sin,month_cos,day_sin,day_cos,area_log,temp_RH_ratio,fire_spread_potential,FWI_total,drought_wind
7,5,86.2,26.2,94.3,5.1,8.2,51,6.7,0.0,0.0,1.0,6.123233995736766e-17,-0.433883739117558,-0.9009688679024191,0.0,0.1576923076923077,34.17,206.7,631.81
7,4,90.6,35.4,669.1,6.7,18.0,33,0.9,0.0,0.0,-0.8660254037844386,0.5000000000000001,0.7818314824680298,0.6234898018587336,0.0,0.5294117647058824,6.03,795.1,602.19
7,4,90.6,43.7,686.9,6.7,14.6,33,1.3,0.0,0.0,-0.8660254037844386,0.5000000000000001,-0.9749279121818236,-0.2225209339563146,0.0,0.4294117647058823,8.71,821.2,892.97
8,6,91.7,33.3,77.5,9.0,8.3,97,4.0,0.0,0.0,1.0,6.123233995736766e-17,-0.433883739117558,-0.9009688679024191,0.0,0.08469387755102041,36.0,202.5,310.0
8,6,89.3,51.3,102.2,9.6,11.4,99,1.8,0.0,0.0,1.0,6.123233995736766e-17,-0.7818314824680299,0.6234898018587334,0.0,0.114,17.28,242.8,183.96
8,6,92.3,85.3,488.0,14.7,22.2,29,5.4,0.0,0.0,-0.8660254037844385,-0.5000000000000004,-0.7818314824680299,0.6234898018587334,0.0,0.74,79.38,665.6,2635.2000000000003
8,6,92.3,88.9,495.6,8.5,24.1,27,3.1,0.0,0.0,-0.8660254037844385,-0.5000000000000004,0.0,1.0,0.0,0.8607142857142858,26.35,676.8,1536.3600000000001
8,6,91.5,145.4,608.2,10.7,8.0,86,2.2,0.0,0.0,-0.8660254037844385,-0.5000000000000004,0.0,1.0,0.0,0.09195402298850575,23.54,845.1,1338.0400000000002
8,6,91.0,129.5,692.6,7.0,13.1,63,5.4,0.0,0.0,-1.0,-1.8369701987210297e-16,0.7818314824680298,0.6234898018587336,0.0,0.2046875,37.800000000000004,913.1,3740.0400000000004
7,5,92.5,88.0,698.6,7.1,22.8,40,4.0,0.0,0.0,-1.0,-1.8369701987210297e-16,-0.9749279121818236,-0.2225209339563146,0.0,0.5560975609756098,28.4,879.1,2794.4
7,5,92.5,88.0,698.6,7.1,17.8,51,7.2,0.0,0.0,-1.0,-1.8369701987210297e-16,-0.9749279121818236,-0.2225209339563146,0.0,0.3423076923076923,51.12,879.1,5029.92
7,5,92.8,73.2,713.0,22.6,19.3,38,4.0,0.0,0.0,-1.0,-1.8369701987210297e-16,-0.9749279121818236,-0.2225209339563146,0.0,0.4948717948717949,90.4,879.0,2852.0
6,5,82.1,70.8,665.3,0.8,17.0,72,6.7,0.0,0.0,-0.8660254037844385,-0.5000000000000004,-0.433883739117558,-0.9009688679024191,0.0,0.2328767123287671,5.36,818.1999999999999,4457.51
6,5,90.9,126.5,686.5,7.0,21.3,42,2.2,0.0,0.0,-1.0,-1.8369701987210297e-16,0.0,1.0,0.0,0.49534883720930234,15.400000000000002,903.9,1510.3000000000002
6,5,92.9,133.3,699.6,9.2,26.4,21,4.5,0.0,0.0,-1.0,-1.8369701987210297e-16,0.9749279121818236,-0.22252093395631434,0.0,1.2,41.4,925.8000000000001,3148.2000000000003
6,5,93.3,141.2,713.9,13.9,22.9,44,5.4,0.0,0.0,-1.0,-1.8369701987210297e-16,-0.433883739117558,-0.9009688679024191,0.0,0.5088888888888888,75.06,948.4,3855.06
5,5,91.7,35.8,80.8,7.8,15.1,27,5.4,0.0,0.0,1.0,6.123233995736766e-17,-0.9749279121818236,-0.2225209339563146,0.0,0.5392857142857143,42.120000000000005,208.3,436.32
8,5,84.9,32.8,664.2,3.0,16.7,47,4.9,0.0,0.0,-0.8660254037844386,0.5000000000000001,0.0,1.0,0.0,0.34791666666666665,14.700000000000001,781.9000000000001,3254.5800000000004
6,4,89.2,27.9,70.8,6.3,15.9,35,4.0,0.0,0.0,1.0,6.123233995736766e-17,0.9749279121818236,-0.22252093395631434,0.0,0.44166666666666665,25.2,187.89999999999998,283.2
6,4,86.3,27.4,97.1,5.1,9.3,44,4.5,0.0,0.0,0.8660254037844387,-0.4999999999999998,-0.9749279121818236,-0.2225209339563146,0.0,0.2066666666666667,22.95,210.79999999999998,436.95
6,4,91.0,129.5,692.6,7.0,18.3,40,2.7,0.0,0.0,-1.0,-1.8369701987210297e-16,0.7818314824680298,0.6234898018587336,0.0,0.44634146341463415,18.900000000000002,913.1,1870.0200000000002
5,4,91.8,78.5,724.3,9.2,19.1,38,2.7,0.0,0.0,-1.0,-1.8369701987210297e-16,0.0,1.0,0.0,0.4897435897435898,24.84,894.5999999999999,1955.61
7,4,94.3,96.3,200.0,23.700000000000003,21.0,44,4.5,0.0,0.0,1.2246467991473532e-16,-1.0,-0.7818314824680299,0.6234898018587334,0.0,0.4666666666666667,106.65,390.6,900.0
7,4,90.2,110.9,537.4,6.2,19.5,43,5.8,0.0,0.0,-0.8660254037844385,-0.5000000000000004,-0.9749279121818236,-0.2225209339563146,0.0,0.4431818181818182,35.96,738.5,3116.9199999999996
7,4,93.5,139.4,594.2,20.3,23.7,32,5.8,0.0,0.0,-0.8660254037844385,-0.5000000000000004,-0.9749279121818236,-0.2225209339563146,0.0,0.7181818181818181,117.74,827.1,3446.36
7,4,91.4,142.4,601.4,10.6,16.3,60,5.4,0.0,0.0,-0.8660254037844385,-0.5000000000000004,-0.7818314824680299,0.6234898018587334,0.0,0.26721311475409837,57.24,835.2,3247.56
7,4,92.4,117.9,668.0,12.2,19.0,34,5.8,0.0,0.0,-1.0,-1.8369701987210297e-16,-0.433883739117558,-0.9009688679024191,0.0,0.5428571428571428,70.75999999999999,878.3,3874.4
7,4,90.9,126.5,686.5,7.0,19.4,48,1.3,0.0,0.0,-1.0,-1.8369701987210297e-16,0.0,1.0,0.0,0.39591836734693875,9.1,903.9,892.45
6,3,93.4,145.4,721.4,8.1,30.2,24,2.7,0.0,0.0,-1.0,-1.8369701987210297e-16,-0.9749279121818236,-0.2225209339563146,0.0,1.208,21.87,960.2,1947.78
6,3,93.5,149.3,728.6,8.1,22.8,39,3.6,0.0,0.0,-1.0,-1.8369701987210297e-16,-0.7818314824680299,0.6234898018587334,0.0,0.5700000000000001,29.16,971.4000000000001,2622.96
6,3,94.3,85.1,692.3,15.9,25.4,24,3.6,0.0,0.0,-1.0,-1.8369701987210297e-16,-0.433883739117558,-0.9009688679024191,0.0,1.016,57.24,871.6999999999999,2492.2799999999997
6,3,88.6,91.8,709.9,7.1,11.2,78,7.6,0.0,0.0,-1.0,-1.8369701987210297e-16,0.0,1.0,0.0,0.14177215189873416,53.959999999999994,890.3,5395.24
6,3,88.6,69.7,706.8,5.8,20.6,37,1.8,0.0,0.0,-1.0,-1.8369701987210297e-16,-0.433883739117558,-0.9009688679024191,0.0,0.5421052631578948,10.44,865.0999999999999,1272.24
6,3,91.7,75.6,718.3,7.8,17.7,39,3.6,0.0,0.0,-1.0,-1.8369701987210297e-16,-0.7818314824680299,0.6234898018587334,0.0,0.4425,28.08,885.5999999999999,2585.88
6,3,91.8,78.5,724.3,9.2,21.2,32,2.7,0.0,0.0,-1.0,-1.8369701987210297e-16,0.0,1.0,0.0,0.6424242424242425,24.84,894.5999999999999,1955.61
6,3,90.3,80.7,730.2,6.3,18.2,62,4.5,0.0,0.0,-1.0,-1.8369701987210297e-16,0.7818314824680298,0.6234898018587336,0.0,0.28888888888888886,28.349999999999998,901.2,3285.9
6,3,90.6,35.4,669.1,6.7,21.7,24,4.5,0.0,0.0,-0.8660254037844386,0.5000000000000001,0.7818314824680298,0.6234898018587336,0.0,0.868,30.150000000000002,795.1,3010.9500000000003
7,4,90.0,41.5,682.6,8.7,11.3,60,5.4,0.0,0.0,-0.8660254037844386,0.5000000000000001,-0.433883739117558,-0.9009688679024191,0.0,0.18524590163934426,46.98,814.1,3686.0400000000004
7,3,90.6,43.7,686.9,6.7,17.8,27,4.0,0.0,0.0,-0.8660254037844386,0.5000000000000001,-0.9749279121818236,-0.2225209339563146,0.0,0.6357142857142858,26.8,821.2,2747.6
4,4,88.1,25.7,67.6,3.8,14.1,43,2.7,0.0,0.0,1.0,6.123233995736766e-17,0.7818314824680298,0.6234898018587336,0.0,0.32045454545454544,10.26,181.39999999999998,182.52
4,4,82.1,60.6,366.7,1.5,23.3,37,3.1,0.0,0.0,-0.4999999999999997,-0.8660254037844388,0.7818314824680298,0.6234898018587336,0.0,0.6131578947368421,4.65,509.4,1136.77
4,4,90.2,96.9,624.2,8.9,18.4,42,6.7,0.0,0.0,-0.8660254037844385,-0.5000000000000004,-0.9749279121818236,-0.2225209339563146,0.0,0.42790697674418604,59.63,811.3000000000001,4182.14
4,4,94.8,108.3,647.1,17.0,16.6,54,5.4,0.0,0.0,-0.8660254037844385,-0.5000000000000004,0.7818314824680298,0.6234898018587336,0.0,0.3018181818181818,91.80000000000001,850.2,3494.34
4,4,92.5,88.0,698.6,7.1,19.6,48,2.7,0.0,0.0,-1.0,-1.8369701987210297e-16,-0.9749279121818236,-0.2225209339563146,0.0,0.4,19.17,879.1,1886.2200000000003
4,4,90.1,82.9,735.7,6.2,12.9,74,4.9,0.0,0.0,-1.0,-1.8369701987210297e-16,0.9749279121818236,-0.22252093395631434,0.0,0.17200000000000001,30.380000000000003,908.7,3604.9300000000003
5,6,94.3,85.1,692.3,15.9,25.9,24,4.0,0.0,0.0,-1.0,-1.8369701987210297e-16,0.9749279121818236,-0.22252093395631434,0.0,1.036,63.6,871.6999999999999,2769.2
5,6,90.9,126.5,686.5,7.0,14.7,70,3.6,0.0,0.0,-1.0,-1.8369701987210297e-16,0.0,1.0,0.0,0.20704225352112676,25.2,903.9,2471.4
6,6,94.2,62.3,442.9,11.0,23.0,36,3.1,0.0,0.0,-0.4999999999999997,-0.8660254037844388,0.0,1.0,0.0,0.6216216216216216,34.1,599.4,1372.99
4,4,87.2,23.9,64.7,4.1,11.8,35,1.8,0.0,0.0,1.0,6.123233995736766e-17,0.0,1.0,0.0,0.3277777777777778,7.38,175.8,116.46000000000001
4,4,87.6,52.2,103.8,5.0,11.0,46,5.8,0.0,0.0,1.0,6.123233995736766e-17,0.0,1.0,0.0,0.23404255319148937,29.0,243.60000000000002,602.04
4,4,92.9,137.0,706.4,9.2,20.8,17,1.3,0.0,0.0,-1.0,-1.8369701987210297e-16,0.43388373911755823,-0.900968867902419,0.0,1.1555555555555557,11.959999999999999,936.3,918.32
4,3,90.2,99.6,631.2,6.3,21.5,34,2.2,0.0,0.0,-0.8660254037844385,-0.5000000000000004,-0.7818314824680299,0.6234898018587334,0.0,0.6142857142857143,13.860000000000001,821.0,1388.64
4,3,92.1,111.2,654.1,9.6,20.4,42,4.9,0.0,0.0,-0.8660254037844385,-0.5000000000000004,0.9749279121818236,-0.22252093395631434,0.0,0.47441860465116276,47.04,857.4000000000001,3205.09
4,3,92.1,111.2,654.1,9.6,20.4,42,4.9,0.0,0.0,-0.8660254037844385,-0.5000000000000004,0.9749279121818236,-0.22252093395631434,0.0,0.47441860465116276,47.04,857.4000000000001,3205.09
4,3,91.7,114.3,661.3,6.3,17.6,45,3.6,0.0,0.0,-0.8660254037844385,-0.5000000000000004,0.43388373911755823,-0.900968867902419,0.0,0.3826086956521739,22.68,867.3,2380.68
4,3,92.9,137.0,706.4,9.2,27.7,24,2.2,0.0,0.0,-1.0,-1.8369701987210297e-16,0.43388373911755823,-0.900968867902419,0.0,1.1079999999999999,20.24,936.3,1554.0800000000002
4,3,90.3,80.7,730.2,6.3,17.8,63,4.9,0.0,0.0,-1.0,-1.8369701987210297e-16,0.7818314824680298,0.6234898018587336,0.0,0.278125,30.87,901.2,3577.9800000000005
4,3,92.6,46.5,691.8,8.8,13.8,50,2.7,0.0,0.0,-0.8660254037844386,0.5000000000000001,-0.7818314824680299,0.6234898018587334,0.0,0.2705882352941177,23.760000000000005,830.9,1867.86
2,2,84.0,9.3,34.0,2.1,13.9,40,5.4,0.0,0.0,0.8660254037844386,0.5000000000000001,0.0,1.0,0.0,0.33902439024390246,11.340000000000002,127.3,183.60000000000002
2,2,86.6,13.2,43.0,5.3,12.3,51,0.9,0.0,0.0,0.8660254037844386,0.5000000000000001,-0.433883739117558,-0.9009688679024191,0.0,0.23653846153846156,4.77,142.8,38.7
2,2,89.3,51.3,102.2,9.6,11.5,39,5.8,0.0,0.0,1.0,6.123233995736766e-17,-0.7818314824680299,0.6234898018587334,0.0,0.2875,55.68,242.8,592.76
2,2,89.3,51.3,102.2,9.6,5.5,59,6.3,0.0,0.0,1.0,6.123233995736766e-17,-0.7818314824680299,0.6234898018587334,0.0,0.09166666666666666,60.48,242.8,643.86
2,2,93.0,75.3,466.6,7.7,18.8,35,4.9,0.0,0.0,-0.8660254037844385,-0.5000000000000004,0.43388373911755823,-0.900968867902419,0.0,0.5222222222222223,37.730000000000004,634.9000000000001,2286.34
2,2,90.2,99.6,631.2,6.3,20.8,33,2.7,0.0,0.0,-0.8660254037844385,-0.5000000000000004,-0.7818314824680299,0.6234898018587334,0.0,0.611764705882353,17.01,821.0,1704.2400000000002
2,2,91.1,103.2,638.8,5.8,23.1,31,3.1,0.0,0.0,-0.8660254037844385,-0.5000000000000004,0.0,1.0,0.0,0.721875,17.98,833.0999999999999,1980.28
2,2,91.7,114.3,661.3,6.3,18.6,44,4.5,0.0,0.0,-0.8660254037844385,-0.5000000000000004,0.43388373911755823,-0.900968867902419,0.0,0.4133333333333334,28.349999999999998,867.3,2975.85
2,2,92.4,117.9,668.0,12.2,23.0,37,4.5,0.0,0.0,-1.0,-1.8369701987210297e-16,-0.433883739117558,-0.9009688679024191,0.0,0.6052631578947368,54.9,878.3,3006.0
2,2,92.4,117.9,668.0,12.2,19.6,33,5.4,0.0,0.0,-1.0,-1.8369701987210297e-16,-0.433883739117558,-0.9009688679024191,0.0,0.5764705882352942,65.88,878.3,3607.2000000000003
2,2,92.4,117.9,668.0,12.2,19.6,33,6.3,0.0,0.0,-1.0,-1.8369701987210297e-16,-0.433883739117558,-0.9009688679024191,0.0,0.5764705882352942,76.86,878.3,4208.4
4,5,91.7,33.3,77.5,9.0,17.2,26,4.5,0.0,0.0,1.0,6.123233995736766e-17,-0.433883739117558,-0.9009688679024191,0.0,0.637037037037037,40.5,202.5,348.75
4,5,91.2,48.3,97.8,12.5,15.8,27,7.6,0.0,0.0,1.0,6.123233995736766e-17,-0.433883739117558,-0.9009688679024191,0.0,0.5642857142857143,95.0,237.3,743.28
4,5,94.3,85.1,692.3,15.9,17.7,37,3.6,0.0,0.0,-1.0,-1.8369701987210297e-16,-0.433883739117558,-0.9009688679024191,0.0,0.46578947368421053,57.24,871.6999999999999,2492.2799999999997
5,4,91.7,33.3,77.5,9.0,15.6,25,6.3,0.0,0.0,1.0,6.123233995736766e-17,-0.433883739117558,-0.9009688679024191,0.0,0.6,56.699999999999996,202.5,488.25
5,4,88.8,147.3,614.5,9.0,17.3,43,4.5,0.0,0.0,-0.8660254037844385,-0.5000000000000004,0.7818314824680298,0.6234898018587336,0.0,0.3931818181818182,40.5,850.6,2765.25
5,4,93.3,141.2,713.9,13.9,27.6,30,1.3,0.0,0.0,-1.0,-1.8369701987210297e-16,-0.433883739117558,-0.9009688679024191,0.0,0.8903225806451613,18.07,948.4,928.07
9,9,84.2,6.8,26.6,7.7,6.7,79,3.1,0.0,0.0,0.8660254037844386,0.5000000000000001,0.43388373911755823,-0.900968867902419,0.0,0.08375,23.87,117.6,82.46000000000001
9,9,86.6,13.2,43.0,5.3,15.7,43,3.1,0.0,0.0,0.8660254037844386,0.5000000000000001,-0.433883739117558,-0.9009688679024191,0.0,0.3568181818181818,16.43,142.8,133.3
1,3,87.6,52.2,103.8,5.0,8.3,72,3.1,0.0,0.0,1.0,6.123233995736766e-17,0.0,1.0,0.0,0.1136986301369863,15.5,243.60000000000002,321.78
1,2,90.1,108.0,529.8,12.5,14.7,66,2.7,0.0,0.0,-0.8660254037844385,-0.5000000000000004,-0.433883739117558,-0.9009688679024191,0.0,0.21940298507462686,33.75,727.9,1430.46
1,2,91.0,121.2,561.6,7.0,21.6,19,6.7,0.0,0.0,-0.8660254037844385,-0.5000000000000004,0.7818314824680298,0.6234898018587336,0.0,1.08,46.9,773.8,3762.7200000000003
1,2,91.4,142.4,601.4,10.6,19.5,39,6.3,0.0,0.0,-0.8660254037844385,-0.5000000000000004,-0.7818314824680299,0.6234898018587334,0.0,0.4875,66.78,835.2,3788.8199999999997
1,2,90.2,99.6,631.2,6.3,17.9,44,2.2,0.0,0.0,-0.8660254037844385,-0.5000000000000004,-0.7818314824680299,0.6234898018587334,0.0,0.39777777777777773,13.860000000000001,821.0,1388.64
1,2,94.8,108.3,647.1,17.0,18.6,51,4.5,0.0,0.0,-0.8660254037844385,-0.5000000000000004,0.7818314824680298,0.6234898018587336,0.0,0.3576923076923077,76.5,850.2,2911.9500000000003
1,2,92.1,111.2,654.1,9.6,16.6,47,0.9,0.0,0.0,-0.8660254037844385,-0.5000000000000004,0.9749279121818236,-0.22252093395631434,0.0,0.3458333333333334,8.64,857.4000000000001,588.69
1,2,91.7,114.3,661.3,6.3,20.2,45,3.6,0.0,0.0,-0.8660254037844385,-0.5000000000000004,0.43388373911755823,-0.900968867902419,0.0,0.43913043478260866,22.68,867.3,2380.68
1,2,92.9,137.0,706.4,9.2,21.5,15,0.9,0.0,0.0,-1.0,-1.8369701987210297e-16,0.43388373911755823,-0.900968867902419,0.0,1.34375,8.28,936.3,635.76
1,2,92.9,137.0,706.4,9.2,25.4,27,2.2,0.0,0.0,-1.0,-1.8369701987210297e-16,0.43388373911755823,-0.900968867902419,0.0,0.9071428571428571,20.24,936.3,1554.0800000000002
1,2,92.9,137.0,706.4,9.2,22.4,34,2.2,0.0,0.0,-1.0,-1.8369701987210297e-16,0.43388373911755823,-0.900968867902419,0.0,0.64,20.24,936.3,1554.0800000000002
1,2,93.5,149.3,728.6,8.1,25.3,36,3.6,0.0,0.0,-1.0,-1.8369701987210297e-16,-0.7818314824680299,0.6234898018587334,0.0,0.6837837837837838,29.16,971.4000000000001,2622.96
6,5,91.7,35.8,80.8,7.8,17.4,25,4.9,0.0,0.0,1.0,6.123233995736766e-17,-0.9749279121818236,-0.2225209339563146,0.0,0.6692307692307692,38.22,208.3,395.92
6,5,90.2,96.9,624.2,8.9,14.7,59,5.8,0.0,0.0,-0.8660254037844385,-0.5000000000000004,-0.9749279121818236,-0.2225209339563146,0.0,0.245,51.62,811.3000000000001,3620.36
8,6,91.7,35.8,80.8,7.8,17.4,24,5.4,0.0,0.0,1.0,6.123233995736766e-17,-0.433883739117558,-0.9009688679024191,0.0,0.696,42.120000000000005,208.3,436.32
8,6,92.3,85.3,488.0,14.7,20.8,32,6.3,0.0,0.0,-0.8660254037844385,-0.5000000000000004,-0.7818314824680299,0.6234898018587334,0.0,0.6303030303030304,92.61,665.6,3074.4
8,6,91.4,142.4,601.4,10.6,18.2,43,4.9,0.0,0.0,-0.8660254037844385,-0.5000000000000004,-0.7818314824680299,0.6234898018587334,0.0,0.41363636363636364,51.940000000000005,835.2,2946.86
8,6,91.1,103.2,638.8,5.8,23.4,22,2.7,0.0,0.0,-0.8660254037844385,-0.5000000000000004,0.0,1.0,0.0,1.017391304347826,15.66,833.0999999999999,1724.76
4,4,89.7,90.0,704.4,4.8,17.8,64,1.3,0.0,0.0,-1.0,-1.8369701987210297e-16,-0.7818314824680299,0.6234898018587334,0.0,0.27384615384615385,6.24,884.0999999999999,915.72
3,4,83.9,8.0,30.2,2.6,12.7,48,1.8,0.0,0.0,0.8660254037844386,0.5000000000000001,-0.9749279121818236,-0.2225209339563146,0.0,0.25918367346938775,4.680000000000001,122.10000000000001,54.36
3,4,82.1,2.4,15.5,0.7,17.4,24,5.4,0.0,0.0,1.0,6.123233995736766e-17,-0.9749279121818236,-0.2225209339563146,0.0,0.696,3.78,100.0,83.7
3,4,91.4,142.4,601.4,10.6,11.6,87,4.5,0.0,0.0,-0.8660254037844385,-0.5000000000000004,-0.7818314824680299,0.6234898018587334,0.0,0.1318181818181818,47.699999999999996,835.2,2706.2999999999997
3,4,91.4,142.4,601.4,10.6,19.8,39,5.4,0.0,0.0,-0.8660254037844385,-0.5000000000000004,-0.7818314824680299,0.6234898018587334,0.0,0.495,57.24,835.2,3247.56
3,4,91.4,142.4,601.4,10.6,19.8,39,5.4,0.0,0.0,-0.8660254037844385,-0.5000000000000004,-0.7818314824680299,0.6234898018587334,0.0,0.495,57.24,835.2,3247.56
3,4,88.8,147.3,614.5,9.0,14.4,66,5.4,0.0,0.0,-0.8660254037844385,-0.5000000000000004,0.7818314824680298,0.6234898018587336,0.0,0.21492537313432836,48.6,850.6,3318.3
2,4,94.8,108.3,647.1,17.0,20.1,40,4.0,0.0,0.0,-0.8660254037844385,-0.5000000000000004,0.7818314824680298,0.6234898018587336,0.0,0.49024390243902444,68.0,850.2,2588.4
2,4,92.5,121.1,674.4,8.6,24.1,29,4.5,0.0,0.0,-1.0,-1.8369701987210297e-16,-0.9749279121818236,-0.2225209339563146,0.0,0.8033333333333333,38.699999999999996,888.0,3034.7999999999997
2,4,82.1,3.7,9.3,2.9,5.3,78,3.1,0.0,0.0,0.49999999999999994,0.8660254037844387,-0.9749279121818236,-0.2225209339563146,0.0,0.0670886075949367,8.99,95.1,28.830000000000002
4,5,85.9,19.5,57.3,2.8,12.7,52,6.3,0.0,0.0,1.0,6.123233995736766e-17,-0.433883739117558,-0.9009688679024191,0.0,0.23962264150943394,17.639999999999997,162.7,360.98999999999995
4,5,91.4,30.7,74.3,7.5,18.2,29,3.1,0.0,0.0,1.0,6.123233995736766e-17,0.43388373911755823,-0.900968867902419,0.0,0.6066666666666667,23.25,196.4,230.32999999999998
4,5,90.2,99.6,631.2,6.3,21.4,33,3.1,0.0,0.0,-0.8660254037844385,-0.5000000000000004,-0.7818314824680299,0.6234898018587334,0.0,0.6294117647058823,19.53,821.0,1956.7200000000003
4,5,92.5,88.0,698.6,7.1,20.3,45,3.1,0.0,0.0,-1.0,-1.8369701987210297e-16,-0.9749279121818236,-0.2225209339563146,0.0,0.44130434782608696,22.009999999999998,879.1,2165.6600000000003
4,5,88.6,91.8,709.9,7.1,17.4,56,5.4,0.0,0.0,-1.0,-1.8369701987210297e-16,0.0,1.0,0.0,0.3052631578947368,38.34,890.3,3833.46
4,4,85.9,19.5,57.3,2.8,13.7,43,5.8,0.0,0.0,1.0,6.123233995736766e-17,-0.433883739117558,-0.9009688679024191,0.0,0.31136363636363634,16.24,162.7,332.34
3,4,91.7,33.3,77.5,9.0,18.8,18,4.5,0.0,0.0,1.0,6.123233995736766e-17,-0.433883739117558,-0.9009688679024191,0.0,0.9894736842105264,40.5,202.5,348.75
3,4,89.7,90.0,704.4,4.8,22.8,39,3.6,0.0,0.0,-1.0,-1.8369701987210297e-16,-0.7818314824680299,0.6234898018587334,0.0,0.5700000000000001,17.28,884.0999999999999,2535.84
3,4,91.8,78.5,724.3,9.2,18.9,35,2.7,0.0,0.0,-1.0,-1.8369701987210297e-16,0.0,1.0,0.0,0.5249999999999999,24.84,894.5999999999999,1955.61
3,4,88.1,25.7,67.6,3.8,15.8,27,7.6,0.0,0.0,1.0,6.123233995736766e-17,0.7818314824680298,0.6234898018587336,0.0,0.5642857142857143,28.88,181.39999999999998,513.7599999999999
3,5,88.1,25.7,67.6,3.8,15.5,27,6.3,0.0,0.0,1.0,6.123233995736766e-17,0.7818314824680298,0.6234898018587336,0.0,0.5535714285714286,23.939999999999998,181.39999999999998,425.87999999999994
3,4,91.7,35.8,80.8,7.8,11.6,30,6.3,0.0,0.0,1.0,6.123233995736766e-17,-0.9749279121818236,-0.2225209339563146,0.0,0.3741935483870968,49.14,208.3,509.03999999999996
3,4,91.7,35.8,80.8,7.8,15.2,27,4.9,0.0,0.0,1.0,6.123233995736766e-17,-0.9749279121818236,-0.2225209339563146,0.0,0.5428571428571428,38.22,208.3,395.92
3,4,90.1,39.7,86.6,6.2,10.6,30,4.0,0.0,0.0,1.0,6.123233995736766e-17,0.0,1.0,0.0,0.3419354838709677,24.8,216.4,346.4
3,4,93.0,75.3,466.6,7.7,19.6,36,3.1,0.0,0.0,-0.8660254037844385,-0.5000000000000004,0.43388373911755823,-0.900968867902419,0.0,0.5297297297297298,23.87,634.9000000000001,1446.46
3,4,91.5,145.4,608.2,10.7,10.3,74,2.2,0.0,0.0,-0.8660254037844385,-0.5000000000000004,0.0,1.0,0.0,0.13733333333333334,23.54,845.1,1338.0400000000002
3,4,91.5,145.4,608.2,10.7,17.1,43,5.4,0.0,0.0,-0.8660254037844385,-0.5000000000000004,0.0,1.0,0.0,0.38863636363636367,57.78,845.1,3284.2800000000007
3,4,92.4,124.1,680.7,8.5,22.5,42,5.4,0.0,0.0,-1.0,-1.8369701987210297e-16,-0.7818314824680299,0.6234898018587334,0.0,0.5232558139534884,45.900000000000006,897.2,3675.7800000000007
3,4,84.4,73.4,671.9,3.2,17.9,45,3.1,0.0,0.0,-1.0,-1.8369701987210297e-16,0.7818314824680298,0.6234898018587336,0.0,0.38913043478260867,9.920000000000002,829.7,2082.89
3,4,94.3,85.1,692.3,15.9,19.8,50,5.4,0.0,0.0,-1.0,-1.8369701987210297e-16,-0.433883739117558,-0.9009688679024191,0.0,0.38823529411764707,85.86000000000001,871.6999999999999,3738.42
3,4,92.6,46.5,691.8,8.8,20.6,24,5.4,0.0,0.0,-0.8660254037844386,0.5000000000000001,-0.7818314824680299,0.6234898018587334,0.0,0.8240000000000001,47.52000000000001,830.9,3735.72
3,5,87.6,52.2,103.8,5.0,9.0,49,2.2,0.0,0.0,1.0,6.123233995736766e-17,0.0,1.0,0.0,0.18,11.0,243.60000000000002,228.36
3,5,93.5,149.3,728.6,8.1,17.2,43,3.1,0.0,0.0,-1.0,-1.8369701987210297e-16,-0.433883739117558,-0.9009688679024191,0.0,0.3909090909090909,25.11,971.4000000000001,2258.6600000000003
3,5,91.4,37.9,673.8,5.2,15.9,46,3.6,0.0,0.0,-0.8660254037844386,0.5000000000000001,0.9749279121818236,-0.22252093395631434,0.0,0.3382978723404255,18.720000000000002,803.0999999999999,2425.68
2,5,92.6,46.5,691.8,8.8,15.4,35,0.9,0.0,0.0,-0.8660254037844386,0.5000000000000001,-0.7818314824680299,0.6234898018587334,0.0,0.4277777777777778,7.920000000000001,830.9,622.62
4,6,82.1,21.5,87.2,0.8,15.4,40,2.7,0.0,0.0,0.8660254037844386,0.5000000000000001,-0.9749279121818236,-0.2225209339563146,0.0,0.375609756097561,2.16,190.8,235.44000000000003
4,6,87.2,23.9,64.7,4.1,14.0,39,3.1,0.0,0.0,1.0,6.123233995736766e-17,0.0,1.0,0.0,0.35,12.709999999999999,175.8,200.57000000000002
4,6,89.3,51.3,102.2,9.6,10.6,46,4.9,0.0,0.0,1.0,6.123233995736766e-17,-0.7818314824680299,0.6234898018587334,0.0,0.225531914893617,47.04,242.8,500.78000000000003
4,6,93.7,80.9,685.2,17.9,17.6,42,3.1,0.0,0.0,-1.0,-1.8369701987210297e-16,0.43388373911755823,-0.900968867902419,0.0,0.4093023255813954,55.489999999999995,859.8000000000001,2124.1200000000003
3,5,88.1,25.7,67.6,3.8,14.9,38,2.7,0.0,0.0,1.0,6.123233995736766e-17,0.7818314824680298,0.6234898018587336,0.0,0.3820512820512821,10.26,181.39999999999998,182.52
3,5,93.5,139.4,594.2,20.3,17.6,52,5.8,0.0,0.0,-0.8660254037844385,-0.5000000000000004,-0.9749279121818236,-0.2225209339563146,0.0,0.33207547169811324,117.74,827.1,3446.36
3,6,92.4,124.1,680.7,8.5,17.2,58,1.3,0.0,0.0,-1.0,-1.8369701987210297e-16,-0.7818314824680299,0.6234898018587334,0.0,0.29152542372881357,11.05,897.2,884.9100000000001
3,6,90.9,126.5,686.5,7.0,15.6,66,3.1,0.0,0.0,-1.0,-1.8369701987210297e-16,0.0,1.0,0.0,0.23283582089552238,21.7,903.9,2128.15
9,9,85.8,48.3,313.4,3.9,18.0,42,2.7,0.0,0.36,-0.4999999999999997,-0.8660254037844388,0.7818314824680298,0.6234898018587336,0.3074846997479606,0.4186046511627907,10.530000000000001,447.5,846.18
1,4,91.0,129.5,692.6,7.0,21.7,38,2.2,0.0,0.43,-1.0,-1.8369701987210297e-16,0.7818314824680298,0.6234898018587336,0.35767444427181594,0.5564102564102564,15.400000000000002,913.1,1523.7200000000003
2,5,90.9,126.5,686.5,7.0,21.9,39,1.8,0.0,0.47,-1.0,-1.8369701987210297e-16,0.0,1.0,0.3852624007906449,0.5475,12.6,903.9,1235.7
1,2,95.5,99.9,513.3,13.2,23.3,31,4.5,0.0,0.55,-0.8660254037844385,-0.5000000000000004,0.9749279121818236,-0.22252093395631434,0.4382549309311553,0.728125,59.4,708.6999999999999,2309.85
8,6,90.1,108.0,529.8,12.5,21.2,51,8.9,0.0,0.61,-0.8660254037844385,-0.5000000000000004,-0.433883739117558,-0.9009688679024191,0.4762341789963716,0.4076923076923077,111.25,727.9,4715.219999999999
1,2,90.0,51.3,296.3,8.7,16.6,53,5.4,0.0,0.71,-0.4999999999999997,-0.8660254037844388,-0.9749279121818236,-0.2225209339563146,0.5364933705145685,0.3074074074074074,46.98,437.6,1600.0200000000002
2,5,95.5,99.9,513.3,13.2,23.8,32,5.4,0.0,0.77,-0.8660254037844385,-0.5000000000000004,0.9749279121818236,-0.22252093395631434,0.5709795465857378,0.7212121212121212,71.28,708.6999999999999,2771.82
6,5,95.2,131.7,578.8,10.4,27.4,22,4.0,0.0,0.9,-0.8660254037844385,-0.5000000000000004,0.43388373911755823,-0.900968867902419,0.6418538861723948,1.191304347826087,41.6,805.6999999999999,2315.2
5,4,90.1,39.7,86.6,6.2,13.2,40,5.4,0.0,0.95,1.0,6.123233995736766e-17,0.0,1.0,0.6678293725756554,0.32195121951219513,33.480000000000004,216.4,467.64
8,3,84.4,73.4,671.9,3.2,24.2,28,3.6,0.0,0.96,-1.0,-1.8369701987210297e-16,0.7818314824680298,0.6234898018587336,0.6729444732424258,0.8344827586206897,11.520000000000001,829.7,2418.84
2,2,94.8,108.3,647.1,17.0,17.4,43,6.7,0.0,1.07,-0.8660254037844385,-0.5000000000000004,0.7818314824680298,0.6234898018587336,0.7275486072772778,0.39545454545454545,113.9,850.2,4335.570000000001
8,6,93.7,80.9,685.2,17.9,23.7,25,4.5,0.0,1.12,-1.0,-1.8369701987210297e-16,0.43388373911755823,-0.900968867902419,0.7514160886839212,0.9115384615384615,80.55,859.8000000000001,3083.4
6,5,92.5,56.4,433.3,7.1,23.2,39,5.4,0.0,1.19,1.2246467991473532e-16,-1.0,-0.433883739117558,-0.9009688679024191,0.7839015438284094,0.58,38.34,582.2,2339.82
9,9,90.1,68.6,355.2,7.2,24.8,29,2.2,0.0,1.36,-0.4999999999999997,-0.8660254037844388,-0.7818314824680299,0.6234898018587334,0.8586616190375187,0.8266666666666667,15.840000000000002,513.9,781.44
3,4,90.1,51.2,424.1,6.2,24.6,43,1.8,0.0,1.43,-0.4999999999999997,-0.8660254037844388,-0.9749279121818236,-0.2225209339563146,0.8878912573524571,0.5590909090909091,11.16,565.4000000000001,763.3800000000001
5,4,94.3,85.1,692.3,15.9,20.1,47,4.9,0.0,1.46,-1.0,-1.8369701987210297e-16,-0.433883739117558,-0.9009688679024191,0.9001613499442714,0.41875,77.91000000000001,871.6999999999999,3392.27
1,5,93.4,145.4,721.4,8.1,29.6,27,2.7,0.0,1.46,-1.0,-1.8369701987210297e-16,-0.9749279121818236,-0.2225209339563146,0.9001613499442714,1.0571428571428572,21.87,960.2,1947.78
7,4,94.8,108.3,647.1,17.0,16.4,47,1.3,0.0,1.56,-0.8660254037844385,-0.5000000000000004,-0.7818314824680299,0.6234898018587334,0.9400072584914712,0.3416666666666666,22.1,850.2,841.23
2,4,93.4,145.4,721.4,8.1,28.6,27,2.2,0.0,1.61,-1.0,-1.8369701987210297e-16,-0.9749279121818236,-0.2225209339563146,0.959350221334602,1.0214285714285716,17.82,960.2,1587.0800000000002
2,2,92.1,111.2,654.1,9.6,18.4,45,3.6,0.0,1.63,-0.8660254037844385,-0.5000000000000004,0.9749279121818236,-0.22252093395631434,0.9669838461896731,0.39999999999999997,34.56,857.4000000000001,2354.76
2,4,92.1,111.2,654.1,9.6,20.5,35,4.0,0.0,1.64,-0.8660254037844385,-0.5000000000000004,0.9749279121818236,-0.22252093395631434,0.9707789171582248,0.5694444444444444,38.4,857.4000000000001,2616.4
7,4,92.4,117.9,668.0,12.2,19.0,34,5.8,0.0,1.69,-1.0,-1.8369701987210297e-16,-0.433883739117558,-0.9009688679024191,0.9895411936137477,0.5428571428571428,70.75999999999999,878.3,3874.4
7,4,90.1,39.7,86.6,6.2,16.1,29,3.1,0.0,1.75,1.0,6.123233995736766e-17,0.0,1.0,1.0116009116784799,0.5366666666666667,19.220000000000002,216.4,268.46
6,4,95.2,131.7,578.8,10.4,20.3,41,4.0,0.0,1.9,-0.8660254037844385,-0.5000000000000004,0.43388373911755823,-0.900968867902419,1.0647107369924282,0.48333333333333334,41.6,805.6999999999999,2315.2
6,3,90.6,50.1,100.4,7.8,15.2,31,8.5,0.0,1.94,1.0,6.123233995736766e-17,-0.9749279121818236,-0.2225209339563146,1.0784095813505903,0.475,66.3,241.1,853.4000000000001
8,6,92.5,121.1,674.4,8.6,17.8,56,1.8,0.0,1.95,-1.0,-1.8369701987210297e-16,-0.9749279121818236,-0.2225209339563146,1.0818051703517284,0.312280701754386,15.48,888.0,1213.92
8,5,89.7,90.0,704.4,4.8,17.8,67,2.2,0.0,2.01,-1.0,-1.8369701987210297e-16,-0.7818314824680299,0.6234898018587334,1.1019400787607843,0.26176470588235295,10.56,884.0999999999999,1549.68
6,5,84.9,18.2,55.0,3.0,5.3,70,4.5,0.0,2.14,1.0,6.123233995736766e-17,0.43388373911755823,-0.900968867902419,1.144222799920162,0.07464788732394366,13.5,158.10000000000002,247.5
6,5,92.1,111.2,654.1,9.6,16.6,47,0.9,0.0,2.29,-0.8660254037844385,-0.5000000000000004,0.9749279121818236,-0.22252093395631434,1.1908875647772805,0.3458333333333334,8.64,857.4000000000001,588.69
6,5,96.0,127.1,570.5,16.5,23.4,33,4.5,0.0,2.51,-0.8660254037844385,-0.5000000000000004,0.9749279121818236,-0.22252093395631434,1.2556160374777743,0.6882352941176471,74.25,793.6,2567.25
6,5,91.2,48.3,97.8,12.5,14.6,26,9.4,0.0,2.53,1.0,6.123233995736766e-17,-0.433883739117558,-0.9009688679024191,1.2612978709452054,0.5407407407407407,117.5,237.3,919.32
8,6,95.2,131.7,578.8,10.4,20.7,45,2.2,0.0,2.55,-0.8660254037844385,-0.5000000000000004,0.43388373911755823,-0.900968867902419,1.2669476034873244,0.45,22.880000000000003,805.6999999999999,1273.36
5,4,92.9,133.3,699.6,9.2,21.9,35,1.8,0.0,2.57,-1.0,-1.8369701987210297e-16,0.9749279121818236,-0.22252093395631434,1.2725655957915476,0.6083333333333333,16.56,925.8000000000001,1259.28
8,6,85.6,90.4,609.6,6.6,17.4,50,4.0,0.0,2.69,-0.8660254037844385,-0.5000000000000004,0.9749279121818236,-0.22252093395631434,1.3056264580524357,0.34117647058823525,26.4,785.6,2438.4
7,4,91.4,142.4,601.4,10.6,20.1,39,5.4,0.0,2.74,-0.8660254037844385,-0.5000000000000004,-0.7818314824680299,0.6234898018587334,1.3190856114264407,0.5025000000000001,57.24,835.2,3247.56
4,4,90.9,126.5,686.5,7.0,17.7,39,2.2,0.0,3.07,-1.0,-1.8369701987210297e-16,0.0,1.0,1.4036429994545037,0.4425,15.400000000000002,903.9,1510.3000000000002
1,4,90.2,96.9,624.2,8.9,14.2,53,1.8,0.0,3.5,-0.8660254037844385,-0.5000000000000004,-0.9749279121818236,-0.2225209339563146,1.5040773967762742,0.26296296296296295,16.02,811.3000000000001,1123.5600000000002
1,4,90.2,96.9,624.2,8.9,20.3,39,4.9,0.0,4.53,-0.8660254037844385,-0.5000000000000004,-0.9749279121818236,-0.2225209339563146,1.7101878155342434,0.5075000000000001,43.61000000000001,811.3000000000001,3058.5800000000004
6,5,82.1,9.1,55.2,2.7,5.8,54,5.8,0.0,4.61,0.8660254037844387,-0.4999999999999998,0.43388373911755823,-0.900968867902419,1.724550719534605,0.10545454545454545,15.66,146.39999999999998,320.16
2,5,90.2,99.6,631.2,6.3,19.2,44,2.7,0.0,4.69,-0.8660254037844385,-0.5000000000000004,-0.7818314824680299,0.6234898018587334,1.7387102481382397,0.42666666666666664,17.01,821.0,1704.2400000000002
2,5,90.1,82.9,735.7,6.2,18.3,45,2.2,0.0,4.88,-1.0,-1.8369701987210297e-16,0.9749279121818236,-0.22252093395631434,1.7715567619105355,0.3978260869565218,13.640000000000002,908.7,1618.5400000000002
8,6,88.8,147.3,614.5,9.0,14.4,66,5.4,0.0,5.23,-0.8660254037844385,-0.5000000000000004,0.7818314824680298,0.6234898018587336,1.8293763327993617,0.21492537313432836,48.6,850.6,3318.3
1,3,92.4,124.1,680.7,8.5,23.9,32,6.7,0.0,5.33,-1.0,-1.8369701987210297e-16,-0.7818314824680299,0.6234898018587334,1.8453002361560848,0.7242424242424242,56.95,897.2,4560.6900000000005
8,6,84.9,32.8,664.2,3.0,19.1,32,4.0,0.0,5.44,-0.8660254037844386,0.5000000000000001,0.0,1.0,1.8625285401162623,0.5787878787878789,12.0,781.9000000000001,2656.8
5,4,86.8,15.6,48.3,3.9,12.4,53,2.2,0.0,6.38,0.8660254037844386,0.5000000000000001,-0.7818314824680299,0.6234898018587334,1.998773638612381,0.22962962962962963,8.58,150.7,106.26
7,4,91.7,48.5,696.1,11.1,16.8,45,4.5,0.0,6.83,-0.8660254037844386,0.5000000000000001,0.0,1.0,2.057962510002712,0.3652173913043478,49.949999999999996,836.3,3132.4500000000003
8,6,93.9,135.7,586.7,15.1,20.8,34,4.9,0.0,6.96,-0.8660254037844385,-0.5000000000000004,-0.433883739117558,-0.9009688679024191,2.0744289998562917,0.5942857142857143,73.99000000000001,816.3000000000001,2874.8300000000004
2,5,91.0,129.5,692.6,7.0,17.6,46,3.1,0.0,7.04,-1.0,-1.8369701987210297e-16,0.7818314824680298,0.6234898018587336,2.0844290831908747,0.374468085106383,21.7,913.1,2147.06
8,6,89.3,51.3,102.2,9.6,11.5,39,5.8,0.0,7.19,1.0,6.123233995736766e-17,-0.7818314824680299,0.6234898018587334,2.1029138978649784,0.2875,55.68,242.8,592.76
1,5,90.9,126.5,686.5,7.0,21.0,42,2.2,0.0,7.3,-1.0,-1.8369701987210297e-16,0.0,1.0,2.1162555148025524,0.4883720930232558,15.400000000000002,903.9,1510.3000000000002
6,4,90.8,41.9,89.4,7.9,13.3,42,0.9,0.0,7.4,1.0,6.123233995736766e-17,-0.9749279121818236,-0.2225209339563146,2.128231705849268,0.30930232558139537,7.11,222.1,80.46000000000001
7,4,90.7,44.0,92.4,5.5,11.5,60,4.0,0.0,8.24,1.0,6.123233995736766e-17,-0.7818314824680299,0.6234898018587334,2.2235418856535927,0.1885245901639344,22.0,227.1,369.6
6,5,91.2,48.3,97.8,12.5,11.7,33,4.0,0.0,8.31,1.0,6.123233995736766e-17,-0.433883739117558,-0.9009688679024191,2.231089091288976,0.34411764705882353,50.0,237.3,391.2
2,5,95.2,131.7,578.8,10.4,24.2,28,2.7,0.0,8.68,-0.8660254037844385,-0.5000000000000004,0.43388373911755823,-0.900968867902419,2.2700619012884857,0.8344827586206897,28.080000000000002,805.6999999999999,1562.76
2,2,94.8,108.3,647.1,17.0,24.6,22,4.5,0.0,8.71,-0.8660254037844385,-0.5000000000000004,0.7818314824680298,0.6234898018587336,2.2731562823032334,1.0695652173913044,76.5,850.2,2911.9500000000003
4,5,92.9,133.3,699.6,9.2,24.3,25,4.0,0.0,9.41,-1.0,-1.8369701987210297e-16,0.9749279121818236,-0.22252093395631434,2.3427668826268775,0.9346153846153846,36.8,925.8000000000001,2798.4
2,2,94.8,108.3,647.1,17.0,24.6,22,4.5,0.0,10.01,-0.8660254037844385,-0.5000000000000004,0.7818314824680298,0.6234898018587336,2.3988039507345884,1.0695652173913044,76.5,850.2,2911.9500000000003
2,5,93.9,135.7,586.7,15.1,23.5,36,5.4,0.0,10.02,-0.8660254037844385,-0.5000000000000004,-0.433883739117558,-0.9009688679024191,2.3997118037247684,0.6351351351351351,81.54,816.3000000000001,3168.1800000000003
6,5,82.1,9.1,55.2,2.7,5.8,54,5.8,0.0,10.93,0.8660254037844387,-0.4999999999999998,0.43388373911755823,-0.900968867902419,2.4790562361098245,0.10545454545454545,15.66,146.39999999999998,320.16
4,5,92.9,137.0,706.4,9.2,21.5,15,0.9,0.0,11.06,-1.0,-1.8369701987210297e-16,0.43388373911755823,-0.900968867902419,2.4898941912990393,1.34375,8.28,936.3,635.76
3,4,91.0,129.5,692.6,7.0,13.9,59,6.3,0.0,11.24,-1.0,-1.8369701987210297e-16,0.7818314824680298,0.6234898018587336,2.50470927708418,0.23166666666666666,44.1,913.1,4363.38
2,4,82.1,70.8,665.3,0.8,22.6,38,3.6,0.0,11.32,-1.0,-1.8369701987210297e-16,0.0,1.0,2.511223958105374,0.5794871794871795,2.8800000000000003,818.1999999999999,2395.08
1,5,91.0,129.5,692.6,7.0,21.6,33,2.2,0.0,11.53,-1.0,-1.8369701987210297e-16,0.7818314824680298,0.6234898018587336,2.528125768907977,0.6352941176470589,15.400000000000002,913.1,1523.7200000000003
6,5,90.1,37.6,83.7,7.2,12.4,54,3.6,0.0,12.1,1.0,6.123233995736766e-17,-0.7818314824680299,0.6234898018587334,2.5726122302071057,0.22545454545454546,25.92,211.39999999999998,301.32
7,4,83.9,8.7,32.1,2.1,8.8,68,2.2,0.0,13.05,0.8660254037844386,0.5000000000000001,-0.7818314824680299,0.6234898018587334,2.642622395779755,0.127536231884058,4.620000000000001,124.70000000000002,70.62
8,6,91.4,37.9,673.8,5.2,20.2,37,2.7,0.0,13.7,-0.8660254037844386,0.5000000000000001,0.9749279121818236,-0.22252093395631434,2.6878474937846906,0.531578947368421,14.040000000000001,803.0999999999999,1819.26
5,6,90.6,50.1,100.4,7.8,15.1,64,4.0,0.0,13.99,1.0,6.123233995736766e-17,-0.9749279121818236,-0.2225209339563146,2.7073833121145063,0.2323076923076923,31.2,241.1,401.6
4,5,92.9,137.0,706.4,9.2,22.1,34,1.8,0.0,14.57,-1.0,-1.8369701987210297e-16,0.43388373911755823,-0.900968867902419,2.745345985845907,0.6314285714285715,16.56,936.3,1271.52
2,2,93.5,139.4,594.2,20.3,22.9,31,7.2,0.0,15.45,-0.8660254037844385,-0.5000000000000004,-0.9749279121818236,-0.2225209339563146,2.800325477211381,0.715625,146.16,827.1,4278.240000000001
7,5,91.0,129.5,692.6,7.0,20.7,37,2.2,0.0,17.2,-1.0,-1.8369701987210297e-16,0.7818314824680298,0.6234898018587336,2.9014215940827497,0.5447368421052632,15.400000000000002,913.1,1523.7200000000003
6,5,92.4,117.9,668.0,12.2,19.6,33,6.3,0.0,19.23,-1.0,-1.8369701987210297e-16,-0.433883739117558,-0.9009688679024191,3.007166651179654,0.5764705882352942,76.86,878.3,4208.4
8,3,93.7,80.9,685.2,17.9,23.2,26,4.9,0.0,23.41,-1.0,-1.8369701987210297e-16,0.43388373911755823,-0.900968867902419,3.1949928844048685,0.8592592592592593,87.71,859.8000000000001,3357.4800000000005
4,4,90.6,43.7,686.9,6.7,18.4,25,3.1,0.0,24.23,-0.8660254037844386,0.5000000000000001,-0.9749279121818236,-0.2225209339563146,3.2280337626529665,0.7076923076923076,20.77,821.2,2129.39
7,4,93.5,139.4,594.2,20.3,5.1,96,5.8,0.0,26.0,-0.8660254037844385,-0.5000000000000004,-0.9749279121818236,-0.2225209339563146,3.295836866004329,0.05257731958762886,117.74,827.1,3446.36
7,4,94.3,85.1,692.3,15.9,20.1,47,4.9,0.0,26.13,-1.0,-1.8369701987210297e-16,-0.433883739117558,-0.9009688679024191,3.3006401266708405,0.41875,77.91000000000001,871.6999999999999,3392.27
7,3,87.6,52.2,103.8,5.0,11.0,46,5.8,0.0,27.35,1.0,6.123233995736766e-17,0.0,1.0,3.3446270301737613,0.23404255319148937,29.0,243.60000000000002,602.04
4,4,91.7,35.8,80.8,7.8,17.0,27,4.9,0.0,28.66,1.0,6.123233995736766e-17,-0.9749279121818236,-0.2225209339563146,3.389799336709786,0.6071428571428571,38.22,208.3,395.92
4,4,91.7,35.8,80.8,7.8,17.0,27,4.9,0.0,28.66,1.0,6.123233995736766e-17,-0.9749279121818236,-0.2225209339563146,3.389799336709786,0.6071428571428571,38.22,208.3,395.92
4,4,92.4,124.1,680.7,8.5,16.9,60,1.3,0.0,29.48,-1.0,-1.8369701987210297e-16,-0.7818314824680299,0.6234898018587334,3.4170707308184456,0.27704918032786885,11.05,897.2,884.9100000000001
1,3,88.6,91.8,709.9,7.1,12.4,73,6.3,0.0,30.32,-1.0,-1.8369701987210297e-16,0.0,1.0,3.4442568711226023,0.16756756756756758,44.73,890.3,4472.37
4,5,92.9,133.3,699.6,9.2,19.4,19,1.3,0.0,31.72,-1.0,-1.8369701987210297e-16,0.9749279121818236,-0.22252093395631434,3.487986511734546,0.97,11.959999999999999,925.8000000000001,909.48
6,5,90.1,39.7,86.6,6.2,15.2,27,3.1,0.0,31.86,1.0,6.123233995736766e-17,0.0,1.0,3.492256112609122,0.5428571428571428,19.220000000000002,216.4,268.46
8,6,90.2,99.6,631.2,6.3,16.2,59,3.1,0.0,32.07,-0.8660254037844385,-0.5000000000000004,-0.7818314824680299,0.6234898018587334,3.4986265269937014,0.26999999999999996,19.53,821.0,1956.7200000000003
3,4,93.3,141.2,713.9,13.9,18.6,49,3.6,0.0,35.88,-1.0,-1.8369701987210297e-16,-0.433883739117558,-0.9009688679024191,3.607669398688393,0.37200000000000005,50.04,948.4,2570.04
4,3,87.6,52.2,103.8,5.0,11.0,46,5.8,0.0,36.85,1.0,6.123233995736766e-17,0.0,1.0,3.6336309798834576,0.23404255319148937,29.0,243.60000000000002,602.04
2,2,88.3,150.3,309.9,6.8,13.4,79,3.6,0.0,37.02,-0.4999999999999997,-0.8660254037844388,-0.433883739117558,-0.9009688679024191,3.6381123370602833,0.1675,24.48,548.5,1115.6399999999999
7,4,90.1,82.9,735.7,6.2,15.4,57,4.5,0.0,37.71,-1.0,-1.8369701987210297e-16,0.9749279121818236,-0.22252093395631434,3.6560979645895566,0.2655172413793104,27.900000000000002,908.7,3310.65
4,4,93.5,149.3,728.6,8.1,22.9,39,4.9,0.0,48.55,-1.0,-1.8369701987210297e-16,-0.7818314824680299,0.6234898018587334,3.902982260775997,0.5725,39.69,971.4000000000001,3570.1400000000003
7,5,91.7,48.5,696.1,11.1,16.1,44,4.0,0.0,49.37,-0.8660254037844386,0.5000000000000001,0.0,1.0,3.9193957597575593,0.3577777777777778,44.4,836.3,2784.4
8,6,92.2,81.8,480.8,11.9,20.1,34,4.5,0.0,58.3,-0.8660254037844385,-0.5000000000000004,-0.9749279121818236,-0.2225209339563146,4.08260930600368,0.5742857142857143,53.550000000000004,654.8,2163.6
4,6,93.5,149.3,728.6,8.1,28.3,26,3.1,0.0,64.1,-1.0,-1.8369701987210297e-16,-0.7818314824680299,0.6234898018587334,4.175924549214524,1.0481481481481483,25.11,971.4000000000001,2258.6600000000003
8,6,92.2,81.8,480.8,11.9,16.4,43,4.0,0.0,71.3,-0.8660254037844385,-0.5000000000000004,-0.9749279121818236,-0.2225209339563146,4.280824129164719,0.3727272727272727,47.6,654.8,1923.2
4,4,92.9,133.3,699.6,9.2,26.4,21,4.5,0.0,88.49,-1.0,-1.8369701987210297e-16,0.9749279121818236,-0.22252093395631434,4.494126887194767,1.2,41.4,925.8000000000001,3148.2000000000003
1,5,93.5,149.3,728.6,8.1,27.8,27,3.1,0.0,95.18,-1.0,-1.8369701987210297e-16,-0.7818314824680299,0.6234898018587334,4.566221435849517,0.9928571428571429,25.11,971.4000000000001,2258.6600000000003
6,4,91.0,129.5,692.6,7.0,18.7,43,2.7,0.0,103.39,-1.0,-1.8369701987210297e-16,0.7818314824680298,0.6234898018587336,4.648133885420207,0.425,18.900000000000002,913.1,1870.0200000000002
9,4,84.4,73.4,671.9,3.2,24.3,36,3.1,0.0,105.66,-1.0,-1.8369701987210297e-16,0.7818314824680298,0.6234898018587336,4.669646205172456,0.6567567567567568,9.920000000000002,829.7,2082.89
4,5,92.5,121.1,674.4,8.6,17.7,25,3.1,0.0,154.88,-1.0,-1.8369701987210297e-16,-0.9749279121818236,-0.2225209339563146,5.049086480470509,0.6807692307692308,26.66,888.0,2090.64
8,6,91.4,142.4,601.4,10.6,19.6,41,5.8,0.0,196.48,-0.8660254037844385,-0.5000000000000004,-0.7818314824680299,0.6234898018587334,5.285637313390662,0.4666666666666667,61.48,835.2,3488.12
2,2,92.5,121.1,674.4,8.6,18.2,46,1.8,0.0,200.94,-1.0,-1.8369701987210297e-16,-0.9749279121818236,-0.2225209339563146,5.307970623576175,0.3872340425531915,15.48,888.0,1213.92
1,2,91.0,129.5,692.6,7.0,18.8,40,2.2,0.0,212.88,-1.0,-1.8369701987210297e-16,0.7818314824680298,0.6234898018587336,5.365415110080531,0.4585365853658537,15.400000000000002,913.1,1523.7200000000003
6,5,92.5,121.1,674.4,8.6,25.1,27,4.0,0.0,1090.84,-1.0,-1.8369701987210297e-16,-0.9749279121818236,-0.2225209339563146,6.995619625423205,0.8964285714285715,34.4,888.0,2697.6
7,5,82.1,3.0,7.9,3.5,13.4,75,1.8,0.0,0.0,0.8660254037844387,-0.4999999999999998,-0.7818314824680299,0.6234898018587334,0.0,0.1763157894736842,6.3,93.0,14.22
6,3,88.0,17.2,43.5,3.8,15.2,51,2.7,0.0,0.0,0.8660254037844387,-0.4999999999999998,0.9749279121818236,-0.22252093395631434,0.0,0.29230769230769227,10.26,148.7,117.45
4,4,83.0,23.3,85.3,2.3,16.7,20,3.1,0.0,0.0,0.8660254037844387,-0.4999999999999998,-0.433883739117558,-0.9009688679024191,0.0,0.7952380952380952,7.13,191.6,264.43
2,4,94.2,122.3,589.9,12.9,15.4,66,4.0,0.0,10.13,-0.8660254037844385,-0.5000000000000004,-0.7818314824680299,0.6234898018587334,2.4096441652874536,0.22985074626865673,51.6,806.4,2359.6
7,4,91.8,175.1,700.7,13.8,21.9,73,7.6,0.0,0.0,-0.8660254037844385,-0.5000000000000004,-0.7818314824680299,0.6234898018587334,0.0,0.2959459459459459,104.88,967.6,5325.32
2,4,91.8,175.1,700.7,13.8,22.4,54,7.6,0.0,2.87,-0.8660254037844385,-0.5000000000000004,-0.7818314824680299,0.6234898018587334,1.3532545070416904,0.40727272727272723,104.88,967.6,5325.32
3,4,91.8,175.1,700.7,13.8,26.8,38,6.3,0.0,0.76,-0.8660254037844385,-0.5000000000000004,-0.7818314824680299,0.6234898018587334,0.5653138090500605,0.6871794871794872,86.94,967.6,4414.41
5,4,91.8,175.1,700.7,13.8,25.7,39,5.4,0.0,0.09,-0.8660254037844385,-0.5000000000000004,-0.7818314824680299,0.6234898018587334,0.08617769624105233,0.6425,74.52000000000001,967.6,3783.7800000000007
2,4,92.2,91.6,503.6,9.6,20.7,70,2.2,0.0,0.75,-0.8660254037844385,-0.5000000000000004,0.9749279121818236,-0.22252093395631434,0.5596157879354227,0.2915492957746479,21.12,687.4000000000001,1107.92
8,6,93.1,157.3,666.7,13.5,28.7,28,2.7,0.0,0.0,-0.8660254037844385,-0.5000000000000004,0.9749279121818236,-0.22252093395631434,0.0,0.9896551724137931,36.45,917.1,1800.0900000000001
3,4,93.1,157.3,666.7,13.5,21.7,40,0.4,0.0,2.47,-0.8660254037844385,-0.5000000000000004,0.9749279121818236,-0.22252093395631434,1.244154593958768,0.5292682926829269,5.4,917.1,266.68
8,5,93.1,157.3,666.7,13.5,26.8,25,3.1,0.0,0.68,-0.8660254037844385,-0.5000000000000004,0.9749279121818236,-0.22252093395631434,0.5187937934151675,1.0307692307692309,41.85,917.1,2066.77
8,5,93.1,157.3,666.7,13.5,24.0,36,3.1,0.0,0.24,-0.8660254037844385,-0.5000000000000004,0.9749279121818236,-0.22252093395631434,0.2151113796169455,0.6486486486486487,41.85,917.1,2066.77
6,5,93.1,157.3,666.7,13.5,22.1,37,3.6,0.0,0.21,-0.8660254037844385,-0.5000000000000004,0.9749279121818236,-0.22252093395631434,0.19062035960864973,0.5815789473684211,48.6,917.1,2400.1200000000003
7,4,91.9,109.2,565.5,8.0,21.4,38,2.7,0.0,1.52,-0.8660254037844385,-0.5000000000000004,0.43388373911755823,-0.900968867902419,0.9242589015233319,0.5487179487179487,21.6,766.6,1526.8500000000001
6,3,91.6,138.1,621.7,6.3,18.9,41,3.1,0.0,10.34,-0.8660254037844385,-0.5000000000000004,0.43388373911755823,-0.900968867902419,2.428336298299606,0.44999999999999996,19.53,851.4000000000001,1927.2700000000002
2,5,87.5,77.0,694.8,5.0,22.3,46,4.0,0.0,0.0,-0.8660254037844385,-0.5000000000000004,0.43388373911755823,-0.900968867902419,0.0,0.474468085106383,20.0,859.3,2779.2
8,6,94.2,117.2,581.1,11.0,23.9,41,2.2,0.0,8.02,-0.8660254037844385,-0.5000000000000004,-0.9749279121818236,-0.2225209339563146,2.199444334074532,0.569047619047619,24.200000000000003,792.5,1278.42
4,3,94.2,117.2,581.1,11.0,21.4,44,2.7,0.0,0.68,-0.8660254037844385,-0.5000000000000004,-0.9749279121818236,-0.2225209339563146,0.5187937934151675,0.4755555555555555,29.700000000000003,792.5,1568.9700000000003
3,4,91.8,170.9,692.3,13.7,20.6,59,0.9,0.0,0.0,-0.8660254037844385,-0.5000000000000004,-0.9749279121818236,-0.2225209339563146,0.0,0.3433333333333334,12.33,955.0,623.0699999999999
7,4,91.8,170.9,692.3,13.7,23.7,40,1.8,0.0,1.38,-0.8660254037844385,-0.5000000000000004,-0.9749279121818236,-0.2225209339563146,0.8671004876833833,0.5780487804878048,24.66,955.0,1246.1399999999999
2,4,93.6,97.9,542.0,14.4,28.3,32,4.0,0.0,8.85,-0.8660254037844385,-0.5000000000000004,0.0,1.0,2.2874714551839976,0.8575757575757575,57.6,733.5,2168.0
3,4,91.6,112.4,573.0,8.9,11.2,84,7.6,0.0,3.3,-0.8660254037844385,-0.5000000000000004,-0.433883739117558,-0.9009688679024191,1.4586150226995167,0.13176470588235292,67.64,777.0,4354.8
2,4,91.6,112.4,573.0,8.9,21.4,42,3.1,0.0,4.25,-0.8660254037844385,-0.5000000000000004,-0.433883739117558,-0.9009688679024191,1.6582280766035324,0.4976744186046511,27.590000000000003,777.0,1776.3
6,3,91.1,141.1,629.1,7.1,19.3,39,3.6,0.0,1.56,-0.8660254037844385,-0.5000000000000004,-0.433883739117558,-0.9009688679024191,0.9400072584914712,0.48250000000000004,25.56,861.3,2264.76
4,4,94.3,167.6,684.4,13.0,21.8,53,3.1,0.0,6.54,-0.8660254037844385,-0.5000000000000004,-0.433883739117558,-0.9009688679024191,2.020222182019865,0.40370370370370373,40.300000000000004,946.3,2121.64
4,4,93.7,102.2,550.3,14.6,22.1,54,7.6,0.0,0.79,-0.8660254037844385,-0.5000000000000004,0.7818314824680298,0.6234898018587336,0.5822156198526637,0.40181818181818185,110.96,746.1999999999999,4182.28
6,5,94.3,131.7,607.1,22.7,19.4,55,4.0,0.0,0.17,-0.8660254037844385,-0.5000000000000004,0.7818314824680298,0.6234898018587336,0.15700374880966478,0.3464285714285714,90.8,833.1,2428.4
2,2,92.1,152.6,658.2,14.3,23.7,24,3.1,0.0,0.0,-0.8660254037844385,-0.5000000000000004,0.7818314824680298,0.6234898018587336,0.0,0.948,44.330000000000005,902.9000000000001,2040.4200000000003
3,4,92.1,152.6,658.2,14.3,21.0,32,3.1,0.0,0.0,-0.8660254037844385,-0.5000000000000004,0.7818314824680298,0.6234898018587336,0.0,0.6363636363636364,44.330000000000005,902.9000000000001,2040.4200000000003
4,4,92.1,152.6,658.2,14.3,19.1,53,2.7,0.0,4.4,-0.8660254037844385,-0.5000000000000004,0.7818314824680298,0.6234898018587336,1.6863989535702288,0.35370370370370374,38.61000000000001,902.9000000000001,1777.1400000000003
2,2,92.1,152.6,658.2,14.3,21.8,56,3.1,0.0,0.52,-0.8660254037844385,-0.5000000000000004,0.7818314824680298,0.6234898018587336,0.41871033485818504,0.3824561403508772,44.330000000000005,902.9000000000001,2040.4200000000003
8,6,92.1,152.6,658.2,14.3,20.1,58,4.5,0.0,9.27,-0.8660254037844385,-0.5000000000000004,0.7818314824680298,0.6234898018587336,2.329227023940467,0.34067796610169493,64.35000000000001,902.9000000000001,2961.9
2,5,92.1,152.6,658.2,14.3,20.2,47,4.0,0.0,3.09,-0.8660254037844385,-0.5000000000000004,0.7818314824680298,0.6234898018587336,1.4085449700547104,0.42083333333333334,57.2,902.9000000000001,2632.8
4,6,84.4,27.2,353.5,6.8,4.8,57,8.5,0.0,8.98,-2.4492935982947064e-16,1.0,-0.7818314824680299,0.6234898018587334,2.300583090323373,0.08275862068965517,57.8,465.1,3004.75
8,6,84.0,27.8,354.6,5.3,5.1,61,8.0,0.0,11.19,-2.4492935982947064e-16,1.0,0.9749279121818236,-0.22252093395631434,2.5006159434931803,0.08225806451612902,42.4,466.40000000000003,2836.8
4,6,84.6,26.4,352.0,2.0,5.1,61,4.9,0.0,5.38,-2.4492935982947064e-16,1.0,0.43388373911755823,-0.900968867902419,1.8531680973566984,0.08225806451612902,9.8,463.0,1724.8000000000002
4,4,85.4,25.4,349.7,2.6,4.6,21,8.5,0.0,17.85,-2.4492935982947064e-16,1.0,0.0,1.0,2.93651291389402,0.20909090909090908,22.1,460.5,2972.45
3,4,85.4,25.4,349.7,2.6,4.6,21,8.5,0.0,10.73,-2.4492935982947064e-16,1.0,0.0,1.0,2.462149662665384,0.20909090909090908,22.1,460.5,2972.45
4,4,85.4,25.4,349.7,2.6,4.6,21,8.5,0.0,22.03,-2.4492935982947064e-16,1.0,0.0,1.0,3.136797713832594,0.20909090909090908,22.1,460.5,2972.45
4,4,85.4,25.4,349.7,2.6,4.6,21,8.5,0.0,9.77,-2.4492935982947064e-16,1.0,0.0,1.0,2.3767644911682972,0.20909090909090908,22.1,460.5,2972.45
4,6,84.7,26.7,352.6,4.1,2.2,59,4.9,0.0,9.27,-2.4492935982947064e-16,1.0,-0.433883739117558,-0.9009688679024191,2.329227023940467,0.03666666666666667,20.09,464.0,1727.7400000000002
6,5,85.4,25.4,349.7,2.6,5.1,24,8.5,0.0,24.77,-2.4492935982947064e-16,1.0,0.7818314824680298,0.6234898018587336,3.2492110246642736,0.204,22.1,460.5,2972.45
6,3,84.9,27.5,353.5,3.4,4.2,51,4.0,0.0,0.0,0.8660254037844386,0.5000000000000001,-0.7818314824680299,0.6234898018587334,0.0,0.08076923076923077,13.6,465.9,1414.0
3,4,86.9,6.6,18.7,3.2,8.8,35,3.1,0.0,1.1,0.8660254037844386,0.5000000000000001,0.9749279121818236,-0.22252093395631434,0.7419373447293773,0.24444444444444446,9.920000000000002,112.2,57.97
5,4,85.2,4.9,15.8,6.3,7.5,46,8.0,0.0,24.24,0.8660254037844386,0.5000000000000001,-0.433883739117558,-0.9009688679024191,3.228430037673012,0.1595744680851064,50.4,105.9,126.4
2,5,93.9,169.7,411.8,12.3,23.4,40,6.3,0.0,0.0,-0.4999999999999997,-0.8660254037844388,-0.7818314824680299,0.6234898018587334,0.0,0.5707317073170731,77.49000000000001,675.4000000000001,2594.34
7,6,91.2,183.1,437.7,12.5,12.6,90,7.6,0.0,0.0,-0.4999999999999997,-0.8660254037844388,0.9749279121818236,-0.22252093395631434,0.0,0.13846153846153847,95.0,712.0,3326.52
7,4,91.6,104.2,474.9,9.0,22.1,49,2.7,0.0,0.0,-0.4999999999999997,-0.8660254037844388,-0.9749279121818236,-0.2225209339563146,0.0,0.442,24.3,670.7,1282.23
7,4,91.6,104.2,474.9,9.0,24.2,32,1.8,0.0,0.0,-0.4999999999999997,-0.8660254037844388,-0.9749279121818236,-0.2225209339563146,0.0,0.7333333333333333,16.2,670.7,854.8199999999999
7,4,91.6,104.2,474.9,9.0,24.3,30,1.8,0.0,0.0,-0.4999999999999997,-0.8660254037844388,-0.9749279121818236,-0.2225209339563146,0.0,0.7838709677419355,16.2,670.7,854.8199999999999
2,5,91.6,104.2,474.9,9.0,18.7,53,1.8,0.0,0.0,-0.4999999999999997,-0.8660254037844388,-0.9749279121818236,-0.2225209339563146,0.0,0.34629629629629627,16.2,670.7,854.8199999999999
9,4,91.6,104.2,474.9,9.0,25.3,39,0.9,0.0,8.0,-0.4999999999999997,-0.8660254037844388,-0.9749279121818236,-0.2225209339563146,2.1972245773362196,0.6325000000000001,8.1,670.7,427.40999999999997
4,5,91.6,100.2,466.3,6.3,22.9,40,1.3,0.0,2.64,-0.4999999999999997,-0.8660254037844388,-0.433883739117558,-0.9009688679024191,1.2919836816486494,0.5585365853658536,8.19,658.1,606.19
7,6,93.1,180.4,430.8,11.0,26.9,28,5.4,0.0,86.45,-0.4999999999999997,-0.8660254037844388,0.7818314824680298,0.6234898018587336,4.471067201464611,0.9275862068965517,59.400000000000006,704.3,2326.32
8,6,92.3,88.8,440.9,8.5,17.1,67,3.6,0.0,6.57,-0.4999999999999997,-0.8660254037844388,0.7818314824680298,0.6234898018587336,2.0241930674493576,0.2514705882352941,30.6,622.0,1587.24
7,5,93.1,180.4,430.8,11.0,22.2,48,1.3,0.0,0.0,1.2246467991473532e-16,-1.0,-0.7818314824680299,0.6234898018587334,0.0,0.4530612244897959,14.3,704.3,560.0400000000001
6,4,90.4,89.5,290.8,6.4,14.3,46,1.8,0.0,0.9,1.2246467991473532e-16,-1.0,-0.7818314824680299,0.6234898018587334,0.6418538861723948,0.30425531914893617,11.520000000000001,470.70000000000005,523.44
8,6,90.4,89.5,290.8,6.4,15.4,45,2.2,0.0,0.0,1.2246467991473532e-16,-1.0,-0.7818314824680299,0.6234898018587334,0.0,0.3347826086956522,14.080000000000002,470.70000000000005,639.7600000000001
8,6,91.2,147.8,377.2,12.7,19.6,43,4.9,0.0,0.0,1.2246467991473532e-16,-1.0,0.9749279121818236,-0.22252093395631434,0.0,0.4454545454545455,62.230000000000004,616.2,1848.28
6,5,82.1,71.0,233.8,0.4,10.6,90,2.7,0.0,0.0,1.2246467991473532e-16,-1.0,-0.9749279121818236,-0.2225209339563146,0.0,0.11648351648351649,1.08,386.9,631.2600000000001
6,5,90.4,93.3,298.1,7.5,20.7,25,4.9,0.0,0.0,1.2246467991473532e-16,-1.0,0.0,1.0,0.0,0.7961538461538461,36.75,481.8,1460.6900000000003
6,5,90.4,93.3,298.1,7.5,19.1,39,5.4,0.0,3.52,1.2246467991473532e-16,-1.0,0.0,1.0,1.5085119938441398,0.47750000000000004,40.5,481.8,1609.7400000000002
3,6,91.1,94.1,232.1,7.1,19.2,38,4.5,0.0,0.0,1.2246467991473532e-16,-1.0,-0.433883739117558,-0.9009688679024191,0.0,0.4923076923076923,31.95,417.29999999999995,1044.45
3,6,91.1,94.1,232.1,7.1,19.2,38,4.5,0.0,0.0,1.2246467991473532e-16,-1.0,-0.433883739117558,-0.9009688679024191,0.0,0.4923076923076923,31.95,417.29999999999995,1044.45
6,5,85.1,28.0,113.8,3.5,11.3,94,4.9,0.0,0.0,0.49999999999999994,-0.8660254037844387,-0.9749279121818236,-0.2225209339563146,0.0,0.11894736842105263,17.150000000000002,226.89999999999998,557.62
1,4,89.6,84.1,714.3,5.7,19.0,52,2.2,0.0,0.0,-1.0,-1.8369701987210297e-16,-0.7818314824680299,0.6234898018587334,0.0,0.3584905660377358,12.540000000000001,888.0,1571.46
7,4,89.6,84.1,714.3,5.7,17.1,53,5.4,0.0,0.41,-1.0,-1.8369701987210297e-16,-0.7818314824680299,0.6234898018587334,0.3435897043900769,0.3166666666666667,30.780000000000005,888.0,3857.22
3,4,89.6,84.1,714.3,5.7,23.8,35,3.6,0.0,5.18,-1.0,-1.8369701987210297e-16,-0.7818314824680299,0.6234898018587334,1.8213182714695995,0.6611111111111111,20.52,888.0,2571.48
2,4,92.4,105.8,758.1,9.9,16.0,45,1.8,0.0,0.0,-1.0,-1.8369701987210297e-16,-0.7818314824680299,0.6234898018587334,0.0,0.34782608695652173,17.82,956.3,1364.5800000000002
2,4,92.4,105.8,758.1,9.9,24.9,27,2.2,0.0,0.0,-1.0,-1.8369701987210297e-16,-0.7818314824680299,0.6234898018587334,0.0,0.8892857142857142,21.78,956.3,1667.8200000000002
7,4,92.4,105.8,758.1,9.9,25.3,27,2.7,0.0,0.0,-1.0,-1.8369701987210297e-16,-0.7818314824680299,0.6234898018587334,0.0,0.9035714285714286,26.730000000000004,956.3,2046.8700000000001
6,3,92.4,105.8,758.1,9.9,24.8,28,1.8,0.0,14.29,-1.0,-1.8369701987210297e-16,-0.7818314824680299,0.6234898018587334,2.727199019940971,0.8551724137931035,17.82,956.3,1364.5800000000002
2,4,82.1,46.2,706.6,0.4,12.2,78,6.3,0.0,0.0,-1.0,-1.8369701987210297e-16,-0.7818314824680299,0.6234898018587334,0.0,0.15443037974683543,2.52,834.9000000000001,4451.58
6,5,92.6,115.4,777.1,8.8,24.3,27,4.9,0.0,0.0,-1.0,-1.8369701987210297e-16,0.9749279121818236,-0.22252093395631434,0.0,0.8678571428571429,43.120000000000005,985.1,3807.7900000000004
4,4,92.6,115.4,777.1,8.8,19.7,41,1.8,0.0,1.58,-1.0,-1.8369701987210297e-16,0.9749279121818236,-0.22252093395631434,0.9477893989335261,0.46904761904761905,15.840000000000002,985.1,1398.78
3,4,91.2,134.7,817.5,7.2,18.5,30,2.7,0.0,0.0,-1.0,-1.8369701987210297e-16,0.9749279121818236,-0.22252093395631434,0.0,0.5967741935483871,19.44,1043.4,2207.25
4,5,92.4,96.2,739.4,8.6,18.6,24,5.8,0.0,0.0,-1.0,-1.8369701987210297e-16,0.43388373911755823,-0.900968867902419,0.0,0.7440000000000001,49.879999999999995,928.0,4288.5199999999995
4,4,92.4,96.2,739.4,8.6,19.2,24,4.9,0.0,3.78,-1.0,-1.8369701987210297e-16,0.43388373911755823,-0.900968867902419,1.5644405465033644,0.768,42.14,928.0,3623.06
6,5,92.8,119.0,783.5,7.5,21.6,27,2.2,0.0,0.0,-1.0,-1.8369701987210297e-16,0.43388373911755823,-0.900968867902419,0.0,0.7714285714285715,16.5,995.3,1723.7
5,4,92.8,119.0,783.5,7.5,21.6,28,6.3,0.0,4.41,-1.0,-1.8369701987210297e-16,0.43388373911755823,-0.900968867902419,1.6882490928583902,0.7448275862068966,47.25,995.3,4936.05
6,3,92.8,119.0,783.5,7.5,18.9,34,7.2,0.0,34.36,-1.0,-1.8369701987210297e-16,0.43388373911755823,-0.900968867902419,3.5655812377694427,0.5399999999999999,54.0,995.3,5641.2
1,4,92.8,119.0,783.5,7.5,16.8,28,4.0,0.0,7.21,-1.0,-1.8369701987210297e-16,0.43388373911755823,-0.900968867902419,2.105352923464337,0.5793103448275863,30.0,995.3,3134.0
6,5,92.8,119.0,783.5,7.5,16.8,28,4.0,0.0,1.01,-1.0,-1.8369701987210297e-16,0.43388373911755823,-0.900968867902419,0.6981347220709844,0.5793103448275863,30.0,995.3,3134.0
3,5,90.7,136.9,822.8,6.8,12.9,39,2.7,0.0,2.18,-1.0,-1.8369701987210297e-16,0.43388373911755823,-0.900968867902419,1.1568811967920856,0.3225,18.36,1050.4,2221.56
6,5,88.1,53.3,726.9,5.4,13.7,56,1.8,0.0,4.42,-1.0,-1.8369701987210297e-16,0.43388373911755823,-0.900968867902419,1.6900958154515549,0.24035087719298245,9.72,868.3,1308.42
1,4,92.2,102.3,751.5,8.4,24.2,27,3.1,0.0,0.0,-1.0,-1.8369701987210297e-16,-0.9749279121818236,-0.2225209339563146,0.0,0.8642857142857142,26.040000000000003,946.0,2329.65
5,4,92.2,102.3,751.5,8.4,24.1,27,3.1,0.0,0.0,-1.0,-1.8369701987210297e-16,-0.9749279121818236,-0.2225209339563146,0.0,0.8607142857142858,26.040000000000003,946.0,2329.65
6,5,92.2,102.3,751.5,8.4,21.2,32,2.2,0.0,0.0,-1.0,-1.8369701987210297e-16,-0.9749279121818236,-0.2225209339563146,0.0,0.6424242424242425,18.480000000000004,946.0,1653.3000000000002
6,5,92.2,102.3,751.5,8.4,19.7,35,1.8,0.0,0.0,-1.0,-1.8369701987210297e-16,-0.9749279121818236,-0.2225209339563146,0.0,0.5472222222222222,15.120000000000001,946.0,1352.7
4,3,92.2,102.3,751.5,8.4,23.5,27,4.0,0.0,3.33,-1.0,-1.8369701987210297e-16,-0.9749279121818236,-0.2225209339563146,1.4655675420143985,0.8392857142857143,33.6,946.0,3006.0
3,3,92.2,102.3,751.5,8.4,24.2,27,3.1,0.0,6.58,-1.0,-1.8369701987210297e-16,-0.9749279121818236,-0.2225209339563146,2.0255131996542803,0.8642857142857142,26.040000000000003,946.0,2329.65
7,4,91.2,124.4,795.3,8.5,21.5,28,4.5,0.0,15.64,-1.0,-1.8369701987210297e-16,-0.9749279121818236,-0.2225209339563146,2.8118094353930627,0.7413793103448276,38.25,1010.9,3578.85
4,4,91.2,124.4,795.3,8.5,17.1,41,2.2,0.0,11.22,-1.0,-1.8369701987210297e-16,-0.9749279121818236,-0.2225209339563146,2.503073953743449,0.4071428571428572,18.700000000000003,1010.9,1749.66
1,4,92.1,87.7,721.1,9.5,18.1,54,3.1,0.0,2.13,-1.0,-1.8369701987210297e-16,0.0,1.0,1.1410330045520618,0.3290909090909091,29.45,900.9000000000001,2235.4100000000003
2,3,91.6,108.4,764.0,6.2,18.0,51,5.4,0.0,0.0,-1.0,-1.8369701987210297e-16,0.0,1.0,0.0,0.34615384615384615,33.480000000000004,964.0,4125.6
4,3,91.6,108.4,764.0,6.2,9.8,86,1.8,0.0,0.0,-1.0,-1.8369701987210297e-16,0.0,1.0,0.0,0.11264367816091955,11.16,964.0,1375.2
7,4,91.6,108.4,764.0,6.2,19.3,44,2.2,0.0,0.0,-1.0,-1.8369701987210297e-16,0.0,1.0,0.0,0.42888888888888893,13.640000000000002,964.0,1680.8000000000002
6,3,91.6,108.4,764.0,6.2,23.0,34,2.2,0.0,56.04,-1.0,-1.8369701987210297e-16,0.0,1.0,4.04375277610604,0.6571428571428571,13.640000000000002,964.0,1680.8000000000002
8,6,91.6,108.4,764.0,6.2,22.7,35,2.2,0.0,7.48,-1.0,-1.8369701987210297e-16,0.0,1.0,2.1377104498038118,0.6305555555555555,13.640000000000002,964.0,1680.8000000000002
2,4,91.6,108.4,764.0,6.2,20.4,41,1.8,0.0,1.47,-1.0,-1.8369701987210297e-16,0.0,1.0,0.9042181506398859,0.48571428571428565,11.16,964.0,1375.2
2,5,91.6,108.4,764.0,6.2,19.3,44,2.2,0.0,3.93,-1.0,-1.8369701987210297e-16,0.0,1.0,1.5953389880545987,0.42888888888888893,13.640000000000002,964.0,1680.8000000000002
8,6,91.9,111.7,770.3,6.5,15.7,51,2.2,0.0,0.0,-1.0,-1.8369701987210297e-16,0.0,1.0,0.0,0.3019230769230769,14.3,973.9,1694.66
6,3,91.5,130.1,807.1,7.5,20.6,37,1.8,0.0,0.0,-1.0,-1.8369701987210297e-16,0.0,1.0,0.0,0.5421052631578948,13.5,1028.7,1452.78
8,6,91.5,130.1,807.1,7.5,15.9,51,4.5,0.0,2.18,-1.0,-1.8369701987210297e-16,0.0,1.0,1.1568811967920856,0.3057692307692308,33.75,1028.7,3631.9500000000003
6,3,91.5,130.1,807.1,7.5,12.2,66,4.9,0.0,6.1,-1.0,-1.8369701987210297e-16,0.0,1.0,1.9600947840472698,0.18208955223880596,36.75,1028.7,3954.7900000000004
2,2,91.5,130.1,807.1,7.5,16.8,43,3.1,0.0,5.83,-1.0,-1.8369701987210297e-16,0.0,1.0,1.9213246735826988,0.38181818181818183,23.25,1028.7,2502.01
1,4,91.5,130.1,807.1,7.5,21.3,35,2.2,0.0,28.19,-1.0,-1.8369701987210297e-16,0.0,1.0,3.3738261848660236,0.5916666666666667,16.5,1028.7,1775.6200000000001
5,4,92.1,99.0,745.3,9.6,10.1,75,3.6,0.0,0.0,-1.0,-1.8369701987210297e-16,-0.433883739117558,-0.9009688679024191,0.0,0.13289473684210526,34.56,936.4,2683.08
3,4,92.1,99.0,745.3,9.6,17.4,57,4.5,0.0,0.0,-1.0,-1.8369701987210297e-16,-0.433883739117558,-0.9009688679024191,0.0,0.3,43.199999999999996,936.4,3353.85
5,4,92.1,99.0,745.3,9.6,12.8,64,3.6,0.0,1.64,-1.0,-1.8369701987210297e-16,-0.433883739117558,-0.9009688679024191,0.9707789171582248,0.19692307692307692,34.56,936.4,2683.08
5,4,92.1,99.0,745.3,9.6,10.1,75,3.6,0.0,3.71,-1.0,-1.8369701987210297e-16,-0.433883739117558,-0.9009688679024191,1.5496879080283263,0.13289473684210526,34.56,936.4,2683.08
4,4,92.1,99.0,745.3,9.6,15.4,53,6.3,0.0,7.31,-1.0,-1.8369701987210297e-16,-0.433883739117558,-0.9009688679024191,2.1174596088673567,0.2851851851851852,60.48,936.4,4695.389999999999
7,4,92.1,99.0,745.3,9.6,20.6,43,3.6,0.0,2.03,-1.0,-1.8369701987210297e-16,-0.433883739117558,-0.9009688679024191,1.1085626195212777,0.4681818181818182,34.56,936.4,2683.08
7,4,92.1,99.0,745.3,9.6,19.8,47,2.7,0.0,1.72,-1.0,-1.8369701987210297e-16,-0.433883739117558,-0.9009688679024191,1.000631880307906,0.41250000000000003,25.92,936.4,2012.31
7,4,92.1,99.0,745.3,9.6,18.7,50,2.2,0.0,5.97,-1.0,-1.8369701987210297e-16,-0.433883739117558,-0.9009688679024191,1.9416152247724325,0.36666666666666664,21.12,936.4,1639.66
4,4,92.1,99.0,745.3,9.6,20.8,35,4.9,0.0,13.06,-1.0,-1.8369701987210297e-16,-0.433883739117558,-0.9009688679024191,2.643333886382519,0.5777777777777778,47.04,936.4,3651.9700000000003
4,4,92.1,99.0,745.3,9.6,20.8,35,4.9,0.0,1.26,-1.0,-1.8369701987210297e-16,-0.433883739117558,-0.9009688679024191,0.8153648132841945,0.5777777777777778,47.04,936.4,3651.9700000000003
6,3,92.5,122.0,789.7,10.2,15.9,55,3.6,0.0,0.0,-1.0,-1.8369701987210297e-16,-0.433883739117558,-0.9009688679024191,0.0,0.2839285714285714,36.72,1004.2,2842.92
6,3,92.5,122.0,789.7,10.2,19.7,39,2.7,0.0,0.0,-1.0,-1.8369701987210297e-16,-0.433883739117558,-0.9009688679024191,0.0,0.4925,27.54,1004.2,2132.19
1,4,92.5,122.0,789.7,10.2,21.1,39,2.2,0.0,8.12,-1.0,-1.8369701987210297e-16,-0.433883739117558,-0.9009688679024191,2.21046980408624,0.5275000000000001,22.44,1004.2,1737.3400000000001
6,5,92.5,122.0,789.7,10.2,18.4,42,2.2,0.0,1.09,-1.0,-1.8369701987210297e-16,-0.433883739117558,-0.9009688679024191,0.7371640659767197,0.42790697674418604,22.44,1004.2,1737.3400000000001
4,3,92.5,122.0,789.7,10.2,17.3,45,4.0,0.0,3.94,-1.0,-1.8369701987210297e-16,-0.433883739117558,-0.9009688679024191,1.597365331199831,0.3760869565217391,40.8,1004.2,3158.8
7,4,88.2,55.2,732.3,11.6,15.2,64,3.1,0.0,0.52,-1.0,-1.8369701987210297e-16,-0.433883739117558,-0.9009688679024191,0.41871033485818504,0.23384615384615384,35.96,875.6999999999999,2270.13
4,3,91.9,111.7,770.3,6.5,15.9,53,2.2,0.0,2.93,-1.0,-1.8369701987210297e-16,0.7818314824680298,0.6234898018587336,1.3686394258811698,0.29444444444444445,14.3,973.9,1694.66
6,5,91.9,111.7,770.3,6.5,21.1,35,2.7,0.0,5.65,-1.0,-1.8369701987210297e-16,0.7818314824680298,0.6234898018587336,1.8946168546677629,0.5861111111111111,17.55,973.9,2079.81
6,5,91.9,111.7,770.3,6.5,19.6,45,3.1,0.0,20.03,-1.0,-1.8369701987210297e-16,0.7818314824680298,0.6234898018587336,3.0459499897146083,0.42608695652173917,20.150000000000002,973.9,2387.93
4,5,91.1,132.3,812.1,12.5,15.9,38,5.4,0.0,1.75,-1.0,-1.8369701987210297e-16,0.7818314824680298,0.6234898018587336,1.0116009116784799,0.4076923076923077,67.5,1035.5,4385.34
4,5,91.1,132.3,812.1,12.5,16.4,27,3.6,0.0,0.0,-1.0,-1.8369701987210297e-16,0.7818314824680298,0.6234898018587336,0.0,0.5857142857142856,45.0,1035.5,2923.56
6,5,91.2,94.3,744.4,8.4,16.8,47,4.9,0.0,12.64,-1.0,-1.8369701987210297e-16,-0.9749279121818236,-0.2225209339563146,2.613006652415316,0.35000000000000003,41.160000000000004,929.9,3647.56
4,5,91.0,276.3,825.1,7.1,13.8,77,7.6,0.0,0.0,-1.0,-1.8369701987210297e-16,-0.7818314824680299,0.6234898018587334,0.0,0.17692307692307693,53.959999999999994,1192.4,6270.76
7,4,91.0,276.3,825.1,7.1,13.8,77,7.6,0.0,11.06,-1.0,-1.8369701987210297e-16,-0.7818314824680299,0.6234898018587334,2.4898941912990393,0.17692307692307693,53.959999999999994,1192.4,6270.76
3,4,91.9,133.6,520.5,8.0,14.2,58,4.0,0.0,0.0,-0.4999999999999997,-0.8660254037844388,0.9749279121818236,-0.22252093395631434,0.0,0.2406779661016949,32.0,746.0,2082.0
4,5,92.0,203.2,664.5,8.1,10.4,75,0.9,0.0,0.0,-0.8660254037844385,-0.5000000000000004,-0.7818314824680299,0.6234898018587334,0.0,0.1368421052631579,7.29,959.7,598.0500000000001
5,4,94.8,222.4,698.6,13.9,20.3,42,2.7,0.0,0.0,-0.8660254037844385,-0.5000000000000004,0.43388373911755823,-0.900968867902419,0.0,0.472093023255814,37.53,1015.8,1886.2200000000003
6,5,90.3,290.0,855.3,7.4,10.3,78,4.0,0.0,18.3,-1.0,-1.8369701987210297e-16,-0.433883739117558,-0.9009688679024191,2.9601050959108397,0.13037974683544304,29.6,1235.6,3421.2
6,5,91.2,94.3,744.4,8.4,15.4,57,4.9,0.0,39.35,-1.0,-1.8369701987210297e-16,-0.9749279121818236,-0.2225209339563146,3.6975913947159578,0.2655172413793104,41.160000000000004,929.9,3647.56
8,6,92.1,207.0,672.6,8.2,21.1,54,2.2,0.0,0.0,-0.8660254037844385,-0.5000000000000004,0.0,1.0,0.0,0.38363636363636366,18.04,971.7,1479.7200000000003
2,2,93.7,231.1,715.1,8.4,21.9,42,2.2,0.0,174.63,-0.8660254037844385,-0.5000000000000004,-0.9749279121818236,-0.2225209339563146,5.168379509433644,0.5093023255813953,18.480000000000004,1039.9,1573.2200000000003
6,5,90.9,18.9,30.6,8.0,8.7,51,5.8,0.0,0.0,1.0,6.123233995736766e-17,0.43388373911755823,-0.900968867902419,0.0,0.1673076923076923,46.4,140.4,177.48
4,5,82.1,1.1,171.4,0.0,5.2,100,0.9,0.0,0.0,0.49999999999999994,0.8660254037844387,-0.7818314824680299,0.6234898018587334,0.0,0.05148514851485149,0.0,254.6,154.26000000000002
5,4,93.7,101.3,458.8,11.9,19.3,39,7.2,0.0,7.73,-0.4999999999999997,-0.8660254037844388,0.9749279121818236,-0.22252093395631434,2.166765369851511,0.48250000000000004,85.68,653.8,3303.36
8,6,90.7,194.1,643.0,6.8,16.2,63,2.7,0.0,16.33,-0.8660254037844385,-0.5000000000000004,0.43388373911755823,-0.900968867902419,2.8524391037275145,0.253125,18.36,927.8,1736.1000000000001
8,6,95.2,217.7,690.0,18.0,28.2,29,1.8,0.0,5.86,-0.8660254037844385,-0.5000000000000004,0.9749279121818236,-0.22252093395631434,1.925707441737794,0.94,32.4,1002.9,1242.0
9,6,91.6,248.4,753.8,6.3,20.5,58,2.7,0.0,42.87,-0.8660254037844385,-0.5000000000000004,0.43388373911755823,-0.900968867902419,3.7812307151781224,0.3474576271186441,17.01,1093.8,2035.26
8,4,91.6,273.8,819.1,7.7,21.3,44,4.5,0.0,12.18,-0.8660254037844385,-0.5000000000000004,-0.9749279121818236,-0.2225209339563146,2.578700529074361,0.47333333333333333,34.65,1184.5,3685.9500000000003
2,4,91.6,181.3,613.0,7.6,20.9,50,2.2,0.0,16.0,-0.8660254037844385,-0.5000000000000004,-0.7818314824680299,0.6234898018587334,2.833213344056216,0.40980392156862744,16.72,885.9,1348.6000000000001
3,4,90.5,96.7,750.5,11.4,20.6,55,5.4,0.0,24.59,-1.0,-1.8369701987210297e-16,-0.7818314824680299,0.6234898018587334,3.2422016501716975,0.3678571428571429,61.56000000000001,937.7,4052.7000000000003
5,5,90.9,18.9,30.6,8.0,11.6,48,5.4,0.0,0.0,1.0,6.123233995736766e-17,0.43388373911755823,-0.900968867902419,0.0,0.236734693877551,43.2,140.4,165.24
6,4,94.8,227.0,706.7,12.0,23.3,34,3.1,0.0,28.74,-0.8660254037844385,-0.5000000000000004,-0.433883739117558,-0.9009688679024191,3.392492941032009,0.6657142857142857,37.2,1028.5,2190.77
7,4,94.8,227.0,706.7,12.0,23.3,34,3.1,0.0,0.0,-0.8660254037844385,-0.5000000000000004,-0.433883739117558,-0.9009688679024191,0.0,0.6657142857142857,37.2,1028.5,2190.77
7,4,84.7,9.5,58.3,4.1,7.5,71,6.3,0.0,9.96,0.8660254037844386,0.5000000000000001,0.0,1.0,2.3942522815198695,0.10416666666666667,25.83,152.5,367.28999999999996
8,6,91.1,91.3,738.1,7.2,20.7,46,2.7,0.0,30.18,-1.0,-1.8369701987210297e-16,-0.433883739117558,-0.9009688679024191,3.4397768636296306,0.4404255319148936,19.44,920.5,1992.8700000000001
1,3,91.0,276.3,825.1,7.1,21.9,43,4.0,0.0,70.76,-1.0,-1.8369701987210297e-16,-0.7818314824680299,0.6234898018587334,4.27332721775054,0.4977272727272727,28.4,1192.4,3300.4
2,4,93.4,15.0,25.6,11.4,15.2,19,7.6,0.0,0.0,1.0,6.123233995736766e-17,0.7818314824680298,0.6234898018587336,0.0,0.76,86.64,134.0,194.56
6,5,84.1,4.6,46.7,2.2,5.3,68,1.8,0.0,0.0,0.8660254037844386,0.5000000000000001,0.0,1.0,0.0,0.07681159420289854,3.9600000000000004,135.39999999999998,84.06
4,5,85.0,9.0,56.9,3.5,10.1,62,1.8,0.0,51.78,0.8660254037844386,0.5000000000000001,-0.7818314824680299,0.6234898018587334,3.966132331075178,0.1603174603174603,6.3,150.9,102.42
4,3,90.5,96.7,750.5,11.4,20.4,55,4.9,0.0,3.64,-1.0,-1.8369701987210297e-16,-0.7818314824680299,0.6234898018587334,1.534714366238164,0.36428571428571427,55.86000000000001,937.7,3677.4500000000003
5,6,91.6,181.3,613.0,7.6,24.3,33,3.6,0.0,3.63,-0.8660254037844385,-0.5000000000000004,-0.7818314824680299,0.6234898018587334,1.5325568680981427,0.7147058823529412,27.36,885.9,2206.8
1,2,93.7,231.1,715.1,8.4,25.9,32,3.1,0.0,0.0,-0.8660254037844385,-0.5000000000000004,-0.9749279121818236,-0.2225209339563146,0.0,0.7848484848484848,26.040000000000003,1039.9,2216.81
9,5,93.3,49.5,297.7,14.0,28.0,34,4.5,0.0,0.0,1.2246467991473532e-16,-1.0,0.9749279121818236,-0.22252093395631434,0.0,0.8,63.0,440.5,1339.6499999999999
9,5,93.3,49.5,297.7,14.0,28.0,34,4.5,0.0,8.16,1.2246467991473532e-16,-1.0,0.9749279121818236,-0.22252093395631434,2.214846178686039,0.8,63.0,440.5,1339.6499999999999
3,4,91.1,88.2,731.7,8.3,22.8,46,4.0,0.0,4.95,-1.0,-1.8369701987210297e-16,0.43388373911755823,-0.900968867902419,1.7833912195575383,0.48510638297872344,33.2,911.0,2926.8
9,9,94.8,227.0,706.7,12.0,25.0,36,4.0,0.0,0.0,-0.8660254037844385,-0.5000000000000004,-0.433883739117558,-0.9009688679024191,0.0,0.6756756756756757,48.0,1028.5,2826.8
8,6,90.7,194.1,643.0,6.8,21.3,41,3.6,0.0,0.0,-0.8660254037844385,-0.5000000000000004,0.43388373911755823,-0.900968867902419,0.0,0.5071428571428571,24.48,927.8,2314.8
2,4,87.9,84.8,725.1,3.7,21.8,34,2.2,0.0,6.04,-1.0,-1.8369701987210297e-16,0.9749279121818236,-0.22252093395631434,1.951608170169951,0.6228571428571429,8.14,897.8,1595.2200000000003
2,2,94.6,212.1,680.9,9.5,27.9,27,2.2,0.0,0.0,-0.8660254037844385,-0.5000000000000004,0.7818314824680298,0.6234898018587336,0.0,0.9964285714285713,20.900000000000002,987.5999999999999,1497.98
6,5,87.1,291.3,860.6,4.0,17.0,67,4.9,0.0,3.95,-1.0,-1.8369701987210297e-16,-0.9749279121818236,-0.2225209339563146,1.599387576580599,0.25,19.6,1239.0,4216.9400000000005
4,5,84.7,8.2,55.0,2.9,14.2,46,4.0,0.0,0.0,0.8660254037844386,0.5000000000000001,-0.9749279121818236,-0.2225209339563146,0.0,0.3021276595744681,11.6,147.9,220.0
4,3,90.3,290.0,855.3,7.4,19.9,44,3.1,0.0,7.8,-1.0,-1.8369701987210297e-16,-0.433883739117558,-0.9009688679024191,2.174751721484161,0.4422222222222222,22.94,1235.6,2651.43
1,4,92.3,96.2,450.2,12.1,23.4,31,5.4,0.0,0.0,-0.4999999999999997,-0.8660254037844388,0.7818314824680298,0.6234898018587336,0.0,0.73125,65.34,638.7,2431.08
6,3,84.1,7.3,52.8,2.7,14.7,42,2.7,0.0,0.0,0.8660254037844386,0.5000000000000001,-0.433883739117558,-0.9009688679024191,0.0,0.34186046511627904,7.290000000000001,144.2,142.56
7,4,84.6,3.2,43.6,3.3,8.2,53,9.4,0.0,4.62,0.8660254037844386,0.5000000000000001,-0.433883739117558,-0.9009688679024191,1.7263316639055997,0.15185185185185185,31.02,131.4,409.84000000000003
9,4,92.3,92.1,442.1,9.8,22.8,27,4.5,0.0,1.63,-0.4999999999999997,-0.8660254037844388,0.0,1.0,0.9669838461896731,0.8142857142857143,44.1,626.5,1989.45
7,5,93.7,231.1,715.1,8.4,26.4,33,3.6,0.0,0.0,-0.8660254037844385,-0.5000000000000004,-0.9749279121818236,-0.2225209339563146,0.0,0.776470588235294,30.240000000000002,1039.9,2574.36
5,4,93.6,235.1,723.1,10.1,24.1,50,4.0,0.0,0.0,-0.8660254037844385,-0.5000000000000004,-0.7818314824680299,0.6234898018587334,0.0,0.4725490196078432,40.4,1051.8,2892.4
8,6,94.8,222.4,698.6,13.9,27.5,27,4.9,0.0,746.28,-0.8660254037844385,-0.5000000000000004,0.43388373911755823,-0.900968867902419,6.616439947564594,0.9821428571428571,68.11000000000001,1015.8,3423.1400000000003
6,3,92.7,164.1,575.8,8.9,26.3,39,3.1,0.0,7.02,-0.4999999999999997,-0.8660254037844388,0.7818314824680298,0.6234898018587336,2.081938421878423,0.6575,27.590000000000003,832.5999999999999,1784.98
6,5,93.4,17.3,28.3,9.9,13.8,24,5.8,0.0,0.0,1.0,6.123233995736766e-17,0.9749279121818236,-0.22252093395631434,0.0,0.552,57.42,139.0,164.14
2,4,92.0,203.2,664.5,8.1,24.9,42,5.4,0.0,2.44,-0.8660254037844385,-0.5000000000000004,-0.7818314824680299,0.6234898018587334,1.235471471385307,0.5790697674418605,43.74,959.7,3588.3
2,5,91.6,181.3,613.0,7.6,24.8,36,4.0,0.0,3.05,-0.8660254037844385,-0.5000000000000004,-0.7818314824680299,0.6234898018587334,1.3987168811184478,0.6702702702702703,30.4,885.9,2452.0
8,8,91.7,191.4,635.9,7.8,26.2,36,4.5,0.0,185.76,-0.8660254037844385,-0.5000000000000004,0.9749279121818236,-0.22252093395631434,5.229824370102736,0.7081081081081081,35.1,919.0,2861.5499999999997
2,4,95.2,217.7,690.0,18.0,30.8,19,4.5,0.0,0.0,-0.8660254037844385,-0.5000000000000004,0.9749279121818236,-0.22252093395631434,0.0,1.54,81.0,1002.9,3105.0
8,6,88.9,263.1,795.9,5.2,29.3,27,3.6,0.0,6.3,-0.4999999999999997,-0.8660254037844388,-0.7818314824680299,0.6234898018587334,1.9878743481543455,1.0464285714285715,18.720000000000002,1147.9,2865.24
1,3,91.2,94.3,744.4,8.4,22.3,48,4.0,0.0,0.72,-1.0,-1.8369701987210297e-16,-0.9749279121818236,-0.2225209339563146,0.5423242908253617,0.45510204081632655,33.6,929.9,2977.6
8,6,93.7,231.1,715.1,8.4,26.9,31,3.6,0.0,4.96,-0.8660254037844385,-0.5000000000000004,-0.9749279121818236,-0.2225209339563146,1.7850704810772584,0.840625,30.240000000000002,1039.9,2574.36
2,2,91.6,248.4,753.8,6.3,20.4,56,2.2,0.0,0.0,-0.8660254037844385,-0.5000000000000004,0.43388373911755823,-0.900968867902419,0.0,0.35789473684210527,13.860000000000001,1093.8,1658.3600000000001
8,6,91.6,248.4,753.8,6.3,20.4,56,2.2,0.0,0.0,-0.8660254037844385,-0.5000000000000004,0.43388373911755823,-0.900968867902419,0.0,0.35789473684210527,13.860000000000001,1093.8,1658.3600000000001
2,4,92.1,207.0,672.6,8.2,27.9,33,2.2,0.0,2.35,-0.8660254037844385,-0.5000000000000004,0.0,1.0,1.208960345836975,0.8205882352941176,18.04,971.7,1479.7200000000003
1,3,94.8,222.4,698.6,13.9,26.2,34,5.8,0.0,0.0,-0.8660254037844385,-0.5000000000000004,0.43388373911755823,-0.900968867902419,0.0,0.7485714285714286,80.62,1015.8,4051.88
3,4,91.6,181.3,613.0,7.6,24.6,44,4.0,0.0,3.2,-0.8660254037844385,-0.5000000000000004,-0.7818314824680299,0.6234898018587334,1.4350845252893227,0.5466666666666667,30.4,885.9,2452.0
7,4,89.7,287.2,849.3,6.8,19.4,45,3.6,0.0,0.0,-1.0,-1.8369701987210297e-16,0.43388373911755823,-0.900968867902419,0.0,0.42173913043478256,24.48,1226.1999999999998,3057.48
1,3,92.1,178.0,605.3,9.6,23.3,40,4.0,0.0,6.36,-0.8660254037844385,-0.5000000000000004,-0.9749279121818236,-0.2225209339563146,1.9960599327407849,0.5682926829268293,38.4,875.4,2421.2
8,6,94.8,222.4,698.6,13.9,23.9,38,6.7,0.0,0.0,-0.8660254037844385,-0.5000000000000004,0.43388373911755823,-0.900968867902419,0.0,0.6128205128205128,93.13000000000001,1015.8,4680.62
2,4,93.6,235.1,723.1,10.1,20.9,66,4.9,0.0,15.34,-0.8660254037844385,-0.5000000000000004,-0.7818314824680299,0.6234898018587334,2.7936160894318567,0.3119402985074627,49.49,1051.8,3543.1900000000005
1,4,90.6,269.8,811.2,5.5,22.2,45,3.6,0.0,0.0,-0.8660254037844385,-0.5000000000000004,-0.433883739117558,-0.9009688679024191,0.0,0.4826086956521739,19.8,1171.6,2920.32
2,5,90.8,84.7,376.6,5.6,23.8,51,1.8,0.0,0.0,-0.4999999999999997,-0.8660254037844388,-0.9749279121818236,-0.2225209339563146,0.0,0.45769230769230773,10.08,552.1,677.8800000000001
8,6,92.1,207.0,672.6,8.2,26.8,35,1.3,0.0,0.54,-0.8660254037844385,-0.5000000000000004,0.0,1.0,0.43178241642553783,0.7444444444444445,10.66,971.7,874.3800000000001
8,6,89.4,253.6,768.4,9.7,14.2,73,2.7,0.0,0.0,-0.8660254037844385,-0.5000000000000004,-0.9749279121818236,-0.2225209339563146,0.0,0.19189189189189187,26.19,1111.4,2074.6800000000003
2,5,93.7,231.1,715.1,8.4,23.6,53,4.0,0.0,6.43,-0.8660254037844385,-0.5000000000000004,-0.9749279121818236,-0.2225209339563146,2.005525858729668,0.43703703703703706,33.6,1039.9,2860.4
1,3,91.1,91.3,738.1,7.2,19.1,46,2.2,0.0,0.33,-1.0,-1.8369701987210297e-16,-0.433883739117558,-0.9009688679024191,0.2851789422336624,0.4063829787234043,15.840000000000002,920.5,1623.8200000000002
5,4,90.3,290.0,855.3,7.4,16.2,58,3.6,0.0,0.0,-1.0,-1.8369701987210297e-16,-0.433883739117558,-0.9009688679024191,0.0,0.2745762711864407,26.64,1235.6,3079.08
8,6,92.1,207.0,672.6,8.2,25.5,29,1.8,0.0,1.23,-0.8660254037844385,-0.5000000000000004,0.0,1.0,0.8020015854720274,0.85,14.76,971.7,1210.68
6,5,87.9,24.9,41.6,3.7,10.9,64,3.1,0.0,3.35,0.8660254037844387,-0.4999999999999998,0.0,1.0,1.4701758451005926,0.1676923076923077,11.47,154.4,128.96
1,2,90.7,80.9,368.3,16.8,14.8,78,8.0,0.0,0.0,-0.4999999999999997,-0.8660254037844388,-0.433883739117558,-0.9009688679024191,0.0,0.18734177215189873,134.4,539.9000000000001,2946.4
2,5,90.3,290.0,855.3,7.4,16.2,58,3.6,0.0,9.96,-1.0,-1.8369701987210297e-16,-0.433883739117558,-0.9009688679024191,2.3942522815198695,0.2745762711864407,26.64,1235.6,3079.08
5,5,94.0,47.9,100.7,10.7,17.3,80,4.5,0.0,0.0,-0.8660254037844385,-0.5000000000000004,-0.7818314824680299,0.6234898018587334,0.0,0.21358024691358027,48.15,242.60000000000002,453.15000000000003
6,5,92.0,203.2,664.5,8.1,19.1,70,2.2,0.0,0.0,-0.8660254037844385,-0.5000000000000004,-0.7818314824680299,0.6234898018587334,0.0,0.2690140845070423,17.82,959.7,1461.9
3,4,93.4,17.3,28.3,9.9,8.9,35,8.0,0.0,0.0,1.0,6.123233995736766e-17,0.9749279121818236,-0.22252093395631434,0.0,0.24722222222222223,79.2,139.0,226.4
7,4,89.7,284.9,844.0,10.1,10.5,77,4.0,0.0,0.0,-1.0,-1.8369701987210297e-16,0.9749279121818236,-0.22252093395631434,0.0,0.1346153846153846,40.4,1218.6,3376.0
7,4,91.6,181.3,613.0,7.6,19.3,61,4.9,0.0,0.0,-0.8660254037844385,-0.5000000000000004,-0.7818314824680299,0.6234898018587334,0.0,0.31129032258064515,37.24,885.9,3003.7000000000003
4,5,95.2,217.7,690.0,18.0,23.4,49,5.4,0.0,6.43,-0.8660254037844385,-0.5000000000000004,0.9749279121818236,-0.22252093395631434,2.005525858729668,0.46799999999999997,97.2,1002.9,3726.0000000000005
1,4,90.5,196.8,649.9,16.3,11.8,88,4.9,0.0,9.71,-0.8660254037844385,-0.5000000000000004,-0.433883739117558,-0.9009688679024191,2.3711778844596574,0.13258426966292136,79.87,937.2,3184.51
7,4,91.5,238.2,730.6,7.5,17.7,65,4.0,0.0,0.0,-0.8660254037844385,-0.5000000000000004,0.0,1.0,0.0,0.2681818181818182,30.0,1060.3,2922.4
4,5,89.4,266.2,803.3,5.6,17.4,54,3.1,0.0,0.0,-0.8660254037844385,-0.5000000000000004,0.43388373911755823,-0.900968867902419,0.0,0.31636363636363635,17.36,1158.9,2490.23
3,4,91.6,248.4,753.8,6.3,16.8,56,3.1,0.0,0.0,-0.8660254037844385,-0.5000000000000004,0.43388373911755823,-0.900968867902419,0.0,0.2947368421052632,19.53,1093.8,2336.7799999999997
3,4,94.6,160.0,567.2,16.7,17.9,48,2.7,0.0,0.0,-0.4999999999999997,-0.8660254037844388,0.0,1.0,0.0,0.3653061224489796,45.09,821.8000000000001,1531.4400000000003
2,4,91.6,248.4,753.8,6.3,16.6,59,2.7,0.0,0.0,-0.8660254037844385,-0.5000000000000004,0.43388373911755823,-0.900968867902419,0.0,0.27666666666666667,17.01,1093.8,2035.26
1,4,91.7,191.4,635.9,7.8,19.9,50,4.0,0.0,82.75,-0.8660254037844385,-0.5000000000000004,0.9749279121818236,-0.22252093395631434,4.427836170705175,0.3901960784313725,31.2,919.0,2543.6
8,6,93.7,231.1,715.1,8.4,18.9,64,4.9,0.0,3.32,-0.8660254037844385,-0.5000000000000004,-0.9749279121818236,-0.2225209339563146,1.463255402256019,0.2907692307692307,41.160000000000004,1039.9,3503.9900000000002
7,4,91.6,273.8,819.1,7.7,15.5,72,8.0,0.0,1.94,-0.8660254037844385,-0.5000000000000004,-0.9749279121818236,-0.2225209339563146,1.0784095813505903,0.21232876712328766,61.6,1184.5,6552.8
2,5,93.7,231.1,715.1,8.4,18.9,64,4.9,0.0,0.0,-0.8660254037844385,-0.5000000000000004,-0.9749279121818236,-0.2225209339563146,0.0,0.2907692307692307,41.160000000000004,1039.9,3503.9900000000002
8,6,93.7,231.1,715.1,8.4,18.9,64,4.9,0.0,0.0,-0.8660254037844385,-0.5000000000000004,-0.9749279121818236,-0.2225209339563146,0.0,0.2907692307692307,41.160000000000004,1039.9,3503.9900000000002
1,4,91.0,276.3,825.1,7.1,14.5,76,7.6,0.0,3.71,-1.0,-1.8369701987210297e-16,-0.7818314824680299,0.6234898018587334,1.5496879080283263,0.18831168831168832,53.959999999999994,1192.4,6270.76
6,5,82.1,4.4,16.2,1.9,4.6,82,6.3,0.0,5.39,0.8660254037844386,0.5000000000000001,0.7818314824680298,0.6234898018587336,1.8547342683894434,0.05542168674698795,11.969999999999999,102.7,102.05999999999999
6,4,82.1,4.4,16.2,1.9,5.1,77,5.4,0.0,2.14,0.8660254037844386,0.5000000000000001,0.7818314824680298,0.6234898018587336,1.144222799920162,0.06538461538461537,10.26,102.7,87.48
2,2,82.1,3.6,15.3,1.8,4.6,59,0.9,0.0,6.84,0.8660254037844386,0.5000000000000001,-0.9749279121818236,-0.2225209339563146,2.0592388343623163,0.07666666666666666,1.62,100.99999999999999,13.770000000000001
6,5,87.2,15.1,36.9,7.1,10.2,45,5.8,0.0,3.18,1.0,6.123233995736766e-17,0.0,1.0,1.430311246536665,0.2217391304347826,41.18,139.2,214.01999999999998
3,4,90.2,18.5,41.1,7.3,11.2,41,5.4,0.0,5.55,1.0,6.123233995736766e-17,0.9749279121818236,-0.22252093395631434,1.8794650496471605,0.26666666666666666,39.42,149.8,221.94000000000003
6,5,91.3,20.6,43.5,8.5,13.3,27,3.6,0.0,6.61,1.0,6.123233995736766e-17,0.43388373911755823,-0.900968867902419,2.0294631718735947,0.47500000000000003,30.6,155.4,156.6
6,3,91.0,14.6,25.6,12.3,13.7,33,9.4,0.0,61.13,0.8660254037844387,-0.4999999999999998,-0.7818314824680299,0.6234898018587334,4.129228964075603,0.4029411764705882,115.62,131.2,240.64000000000001
5,4,91.0,14.6,25.6,12.3,17.6,27,5.8,0.0,0.0,0.8660254037844387,-0.4999999999999998,-0.7818314824680299,0.6234898018587334,0.0,0.6285714285714287,71.34,131.2,148.48
4,3,89.6,25.4,73.7,5.7,18.0,40,4.0,0.0,38.48,0.49999999999999994,-0.8660254037844387,-0.433883739117558,-0.9009688679024191,3.675794214565281,0.43902439024390244,22.8,188.7,294.8
8,3,88.2,96.2,229.0,4.7,14.3,79,4.0,0.0,1.94,1.2246467991473532e-16,-1.0,0.0,1.0,1.0784095813505903,0.17875000000000002,18.8,413.4,916.0
9,4,90.5,61.1,252.6,9.4,24.5,50,3.1,0.0,70.32,1.2246467991473532e-16,-1.0,-0.9749279121818236,-0.2225209339563146,4.267176792994939,0.4803921568627451,29.14,404.2,783.0600000000001
4,3,93.0,103.8,316.7,10.8,26.4,35,2.7,0.0,10.08,1.2246467991473532e-16,-1.0,0.43388373911755823,-0.900968867902419,2.405141681319138,0.7333333333333333,29.160000000000004,513.5,855.09
2,5,93.7,121.7,350.2,18.0,22.7,40,9.4,0.0,3.19,1.2246467991473532e-16,-1.0,0.43388373911755823,-0.900968867902419,1.4327007339340463,0.5536585365853658,169.20000000000002,565.6,3291.88
4,3,93.5,85.3,395.0,9.9,27.2,28,1.3,0.0,1.76,-0.4999999999999997,-0.8660254037844388,0.43388373911755823,-0.900968867902419,1.0152306797290584,0.9379310344827586,12.870000000000001,573.8,513.5
4,3,93.7,101.3,423.4,14.7,26.1,45,4.0,0.0,7.36,-0.4999999999999997,-0.8660254037844388,-0.7818314824680299,0.6234898018587334,2.1234584270966104,0.5673913043478261,58.8,618.4,1693.6
7,4,93.7,101.3,423.4,14.7,18.2,82,4.5,0.0,2.21,-0.4999999999999997,-0.8660254037844388,-0.7818314824680299,0.6234898018587334,1.1662709371419244,0.21927710843373494,66.14999999999999,618.4,1905.3
7,4,89.2,103.9,431.6,6.4,22.6,57,4.9,0.0,278.53,-0.4999999999999997,-0.8660254037844388,0.0,1.0,5.633109621361155,0.3896551724137931,31.360000000000003,624.7,2114.84
9,9,93.2,114.4,560.0,9.5,30.2,25,4.5,0.0,2.75,-0.4999999999999997,-0.8660254037844388,0.43388373911755823,-0.900968867902419,1.3217558399823195,1.1615384615384614,42.75,767.6,2520.0
4,3,93.2,114.4,560.0,9.5,30.2,22,4.9,0.0,0.0,-0.4999999999999997,-0.8660254037844388,0.43388373911755823,-0.900968867902419,0.0,1.3130434782608695,46.550000000000004,767.6,2744.0
3,4,94.9,130.3,587.1,14.1,23.4,40,5.8,0.0,1.29,-0.8660254037844385,-0.5000000000000004,-0.7818314824680299,0.6234898018587334,0.8285518175661483,0.5707317073170731,81.78,812.3000000000001,3405.18
8,6,94.9,130.3,587.1,14.1,31.0,27,5.4,0.0,0.0,-0.8660254037844385,-0.5000000000000004,-0.7818314824680299,0.6234898018587334,0.0,1.1071428571428572,76.14,812.3000000000001,3170.34
2,5,94.9,130.3,587.1,14.1,33.1,25,4.0,0.0,26.43,-0.8660254037844385,-0.5000000000000004,-0.7818314824680299,0.6234898018587334,3.311637304949512,1.2730769230769232,56.4,812.3000000000001,2348.4
2,4,95.0,135.5,596.3,21.3,30.6,28,3.6,0.0,2.07,-0.8660254037844385,-0.5000000000000004,0.0,1.0,1.1216775615991057,1.0551724137931036,76.68,826.8,2146.68
5,4,95.1,141.3,605.8,17.7,24.1,43,6.3,0.0,2.0,-0.8660254037844385,-0.5000000000000004,0.7818314824680298,0.6234898018587336,1.0986122886681098,0.5477272727272727,111.50999999999999,842.1999999999999,3816.5399999999995
5,4,95.1,141.3,605.8,17.7,26.4,34,3.6,0.0,16.4,-0.8660254037844385,-0.5000000000000004,0.7818314824680298,0.6234898018587336,2.856470206220483,0.7542857142857142,63.72,842.1999999999999,2180.88
4,4,95.1,141.3,605.8,17.7,19.4,71,7.6,0.0,46.7,-0.8660254037844385,-0.5000000000000004,0.7818314824680298,0.6234898018587336,3.8649313978942956,0.26944444444444443,134.51999999999998,842.1999999999999,4604.079999999999
4,4,95.1,141.3,605.8,17.7,20.6,58,1.3,0.0,0.0,-0.8660254037844385,-0.5000000000000004,0.9749279121818236,-0.22252093395631434,0.0,0.3491525423728814,23.01,842.1999999999999,787.54
4,4,95.1,141.3,605.8,17.7,28.7,33,4.0,0.0,0.0,-0.8660254037844385,-0.5000000000000004,0.9749279121818236,-0.22252093395631434,0.0,0.8441176470588235,70.8,842.1999999999999,2423.2
4,4,95.8,152.0,624.1,13.8,32.4,21,4.5,0.0,0.0,-0.8660254037844385,-0.5000000000000004,0.43388373911755823,-0.900968867902419,0.0,1.4727272727272727,62.1,871.9000000000001,2808.4500000000003
1,3,95.9,158.0,633.6,11.3,32.4,27,2.2,0.0,0.0,-0.8660254037844385,-0.5000000000000004,-0.433883739117558,-0.9009688679024191,0.0,1.157142857142857,24.860000000000003,887.5,1393.92
1,3,95.9,158.0,633.6,11.3,27.5,29,4.5,0.0,43.32,-0.8660254037844385,-0.5000000000000004,-0.433883739117558,-0.9009688679024191,3.7914360424390283,0.9166666666666666,50.85,887.5,2851.2000000000003
6,6,96.0,164.0,643.0,14.0,30.8,30,4.9,0.0,8.59,-0.8660254037844385,-0.5000000000000004,-0.9749279121818236,-0.2225209339563146,2.2607208888953467,0.9935483870967742,68.60000000000001,903.0,3150.7000000000003
6,6,96.2,175.5,661.8,16.8,23.9,42,2.2,0.0,0.0,-0.8660254037844385,-0.5000000000000004,0.0,1.0,0.0,0.555813953488372,36.96000000000001,933.5,1455.96
4,5,96.2,175.5,661.8,16.8,32.6,26,3.1,0.0,2.77,-0.8660254037844385,-0.5000000000000004,0.0,1.0,1.3270750014599193,1.2074074074074075,52.080000000000005,933.5,2051.58
3,4,96.1,181.1,671.2,14.3,32.3,27,2.2,0.0,14.68,-0.8660254037844385,-0.5000000000000004,0.7818314824680298,0.6234898018587336,2.7523860149222616,1.1535714285714285,31.460000000000004,948.4000000000001,1476.6400000000003
6,5,96.1,181.1,671.2,14.3,33.3,26,2.7,0.0,40.54,-0.8660254037844385,-0.5000000000000004,0.7818314824680298,0.6234898018587336,3.726656818447966,1.2333333333333332,38.61000000000001,948.4000000000001,1812.2400000000002
7,5,96.1,181.1,671.2,14.3,27.3,63,4.9,0.0,10.82,-0.8660254037844385,-0.5000000000000004,0.7818314824680298,0.6234898018587336,2.469793011977952,0.4265625,70.07000000000001,948.4000000000001,3288.8800000000006
8,6,96.1,181.1,671.2,14.3,21.6,65,4.9,0.0,0.0,-0.8660254037844385,-0.5000000000000004,0.7818314824680298,0.6234898018587336,0.0,0.32727272727272727,70.07000000000001,948.4000000000001,3288.8800000000006
7,5,96.1,181.1,671.2,14.3,21.6,65,4.9,0.0,0.0,-0.8660254037844385,-0.5000000000000004,0.7818314824680298,0.6234898018587336,0.0,0.32727272727272727,70.07000000000001,948.4000000000001,3288.8800000000006
4,4,96.1,181.1,671.2,14.3,20.7,69,4.9,0.0,0.0,-0.8660254037844385,-0.5000000000000004,0.7818314824680298,0.6234898018587336,0.0,0.2957142857142857,70.07000000000001,948.4000000000001,3288.8800000000006
2,4,94.5,139.4,689.1,20.0,29.2,30,4.9,0.0,1.95,-0.8660254037844385,-0.5000000000000004,0.9749279121818236,-0.22252093395631434,1.0818051703517284,0.9419354838709677,98.0,923.0,3376.59
4,3,94.5,139.4,689.1,20.0,28.9,29,4.9,0.0,49.59,-0.8660254037844385,-0.5000000000000004,0.9749279121818236,-0.22252093395631434,3.923753928303845,0.9633333333333333,98.0,923.0,3376.59
1,2,91.0,163.2,744.4,10.1,26.7,35,1.8,0.0,5.8,-0.8660254037844385,-0.5000000000000004,0.43388373911755823,-0.900968867902419,1.916922612182061,0.7416666666666667,18.18,998.5999999999999,1339.92
1,2,91.0,166.9,752.6,7.1,18.5,73,8.5,0.0,0.0,-0.8660254037844385,-0.5000000000000004,-0.433883739117558,-0.9009688679024191,0.0,0.25,60.349999999999994,1010.5,6397.1
2,4,91.0,166.9,752.6,7.1,25.9,41,3.6,0.0,0.0,-0.8660254037844385,-0.5000000000000004,-0.433883739117558,-0.9009688679024191,0.0,0.6166666666666666,25.56,1010.5,2709.36
1,2,91.0,166.9,752.6,7.1,25.9,41,3.6,0.0,0.0,-0.8660254037844385,-0.5000000000000004,-0.433883739117558,-0.9009688679024191,0.0,0.6166666666666666,25.56,1010.5,2709.36
5,4,91.0,166.9,752.6,7.1,21.1,71,7.6,0.0,2.17,-0.8660254037844385,-0.5000000000000004,-0.433883739117558,-0.9009688679024191,1.1537315878891892,0.29305555555555557,53.959999999999994,1010.5,5719.76
6,5,91.0,166.9,752.6,7.1,18.2,62,5.4,0.0,0.43,-0.8660254037844385,-0.5000000000000004,-0.433883739117558,-0.9009688679024191,0.35767444427181594,0.28888888888888886,38.34,1010.5,4064.0400000000004
8,6,82.1,56.7,665.6,1.9,27.8,35,2.7,0.0,0.0,-0.8660254037844385,-0.5000000000000004,-0.7818314824680299,0.6234898018587334,0.0,0.7722222222222223,5.13,804.4000000000001,1797.1200000000001
4,3,82.1,56.7,665.6,1.9,27.8,32,2.7,0.0,6.44,-0.8660254037844385,-0.5000000000000004,-0.7818314824680299,0.6234898018587334,2.0068708488450007,0.8424242424242424,5.13,804.4000000000001,1797.1200000000001
2,4,82.1,56.7,665.6,1.9,21.9,71,5.8,0.0,54.29,-0.8660254037844385,-0.5000000000000004,-0.7818314824680299,0.6234898018587334,4.012592060349841,0.30416666666666664,11.02,804.4000000000001,3860.48
7,4,82.1,56.7,665.6,1.9,21.2,70,6.7,0.0,11.16,-0.8660254037844385,-0.5000000000000004,-0.7818314824680299,0.6234898018587334,2.498151876538021,0.29859154929577464,12.73,804.4000000000001,4459.52
1,4,94.4,146.0,614.7,11.3,25.6,42,4.0,0.0,0.0,-0.8660254037844385,-0.5000000000000004,-0.9749279121818236,-0.2225209339563146,0.0,0.5953488372093023,45.2,855.1,2458.8
6,3,82.1,3.0,106.7,1.1,11.8,31,4.5,0.0,0.0,-0.5000000000000004,0.8660254037844384,0.7818314824680298,0.6234898018587336,0.0,0.36875,4.95,191.8,480.15000000000003
